source_file,source_question_id,exam,subject,topic,subtopic,difficulty,language,question,question_hi,english_question,option_a,option_b,option_c,option_d,correct_answer,explanation,status,tags,import_key
IBPS_RRB_PRELIMS_BULK_4000_MCQ_HINDI(1).txt,2901,IBPS RRB Prelims,Profit & Loss,Profit & Loss,,Moderate,Hindi,क्रय मूल्य ₹1096 है। 20% लाभ पर विक्रय मूल्य कितना होगा?,क्रय मूल्य ₹1096 है। 20% लाभ पर विक्रय मूल्य कितना होगा?,,1315,1335,1076,876,A,SP=CP×(100+20)/100=1096×120/100=₹1315।,pending_review,,49d068fd11bd5c86
IBPS_RRB_PRELIMS_BULK_4000_MCQ_HINDI(1).txt,2902,IBPS RRB Prelims,Profit & Loss,Profit & Loss,,Moderate,Hindi,क्रय मूल्य ₹246 है। 30% लाभ पर विक्रय मूल्य कितना होगा?,क्रय मूल्य ₹246 है। 30% लाभ पर विक्रय मूल्य कितना होगा?,,319,349,216,172,A,SP=CP×(100+30)/100=246×130/100=₹319।,pending_review,,44db883006327696
IBPS_RRB_PRELIMS_BULK_4000_MCQ_HINDI(1).txt,2903,IBPS RRB Prelims,Profit & Loss,Profit & Loss,,Moderate,Hindi,क्रय मूल्य ₹1343 है। 10% लाभ पर विक्रय मूल्य कितना होगा?,क्रय मूल्य ₹1343 है। 10% लाभ पर विक्रय मूल्य कितना होगा?,,1477,1487,1333,1208,A,SP=CP×(100+10)/100=1343×110/100=₹1477।,pending_review,,1b8afc11611bfc92
IBPS_RRB_PRELIMS_BULK_4000_MCQ_HINDI(1).txt,2904,IBPS RRB Prelims,Profit & Loss,Profit & Loss,,Moderate,Hindi,क्रय मूल्य ₹513 है। 20% लाभ पर विक्रय मूल्य कितना होगा?,क्रय मूल्य ₹513 है। 20% लाभ पर विक्रय मूल्य कितना होगा?,,615,635,493,410,A,SP=CP×(100+20)/100=513×120/100=₹615।,pending_review,,9f2a2ee370934ad8
IBPS_RRB_PRELIMS_BULK_4000_MCQ_HINDI(1).txt,2905,IBPS RRB Prelims,Profit & Loss,Profit & Loss,,Moderate,Hindi,क्रय मूल्य ₹622 है। 15% लाभ पर विक्रय मूल्य कितना होगा?,क्रय मूल्य ₹622 है। 15% लाभ पर विक्रय मूल्य कितना होगा?,,715,730,607,528,A,SP=CP×(100+15)/100=622×115/100=₹715।,pending_review,,fb642ff146b15c87
IBPS_RRB_PRELIMS_BULK_4000_MCQ_HINDI(1).txt,2906,IBPS RRB Prelims,Profit & Loss,Profit & Loss,,Moderate,Hindi,क्रय मूल्य ₹510 है। 15% लाभ पर विक्रय मूल्य कितना होगा?,क्रय मूल्य ₹510 है। 15% लाभ पर विक्रय मूल्य कितना होगा?,,586,601,495,433,A,SP=CP×(100+15)/100=510×115/100=₹586।,pending_review,,ab45ac1fe5ca1420
IBPS_RRB_PRELIMS_BULK_4000_MCQ_HINDI(1).txt,2907,IBPS RRB Prelims,Profit & Loss,Profit & Loss,,Moderate,Hindi,क्रय मूल्य ₹993 है। 30% लाभ पर विक्रय मूल्य कितना होगा?,क्रय मूल्य ₹993 है। 30% लाभ पर विक्रय मूल्य कितना होगा?,,1290,1320,963,695,A,SP=CP×(100+30)/100=993×130/100=₹1290।,pending_review,,e4f78de4184ac732
IBPS_RRB_PRELIMS_BULK_4000_MCQ_HINDI(1).txt,2908,IBPS RRB Prelims,Profit & Loss,Profit & Loss,,Moderate,Hindi,क्रय मूल्य ₹789 है। 25% लाभ पर विक्रय मूल्य कितना होगा?,क्रय मूल्य ₹789 है। 25% लाभ पर विक्रय मूल्य कितना होगा?,,986,1011,764,591,A,SP=CP×(100+25)/100=789×125/100=₹986।,pending_review,,054ea7b983d20a06
IBPS_RRB_PRELIMS_BULK_4000_MCQ_HINDI(1).txt,2909,IBPS RRB Prelims,Profit & Loss,Profit & Loss,,Moderate,Hindi,क्रय मूल्य ₹208 है। 10% लाभ पर विक्रय मूल्य कितना होगा?,क्रय मूल्य ₹208 है। 10% लाभ पर विक्रय मूल्य कितना होगा?,,228,238,198,187,A,SP=CP×(100+10)/100=208×110/100=₹228।,pending_review,,3b60b6837ca29c34
IBPS_RRB_PRELIMS_BULK_4000_MCQ_HINDI(1).txt,2910,IBPS RRB Prelims,Profit & Loss,Profit & Loss,,Moderate,Hindi,क्रय मूल्य ₹864 है। 5% लाभ पर विक्रय मूल्य कितना होगा?,क्रय मूल्य ₹864 है। 5% लाभ पर विक्रय मूल्य कितना होगा?,,907,912,859,820,A,SP=CP×(100+5)/100=864×105/100=₹907।,pending_review,,33eda60db156193b
IBPS_RRB_PRELIMS_BULK_4000_MCQ_HINDI(1).txt,2911,IBPS RRB Prelims,Profit & Loss,Profit & Loss,,Moderate,Hindi,क्रय मूल्य ₹1494 है। 25% लाभ पर विक्रय मूल्य कितना होगा?,क्रय मूल्य ₹1494 है। 25% लाभ पर विक्रय मूल्य कितना होगा?,,1867,1892,1469,1120,A,SP=CP×(100+25)/100=1494×125/100=₹1867।,pending_review,,389aa5eb743f9623
IBPS_RRB_PRELIMS_BULK_4000_MCQ_HINDI(1).txt,2912,IBPS RRB Prelims,Profit & Loss,Profit & Loss,,Moderate,Hindi,क्रय मूल्य ₹162 है। 5% लाभ पर विक्रय मूल्य कितना होगा?,क्रय मूल्य ₹162 है। 5% लाभ पर विक्रय मूल्य कितना होगा?,,170,175,157,153,A,SP=CP×(100+5)/100=162×105/100=₹170।,pending_review,,8812ca1070bb546e
IBPS_RRB_PRELIMS_BULK_4000_MCQ_HINDI(1).txt,2913,IBPS RRB Prelims,Profit & Loss,Profit & Loss,,Moderate,Hindi,क्रय मूल्य ₹371 है। 30% लाभ पर विक्रय मूल्य कितना होगा?,क्रय मूल्य ₹371 है। 30% लाभ पर विक्रय मूल्य कितना होगा?,,482,512,341,259,A,SP=CP×(100+30)/100=371×130/100=₹482।,pending_review,,c1f49d5ffcbb7ed0
IBPS_RRB_PRELIMS_BULK_4000_MCQ_HINDI(1).txt,2914,IBPS RRB Prelims,Profit & Loss,Profit & Loss,,Moderate,Hindi,क्रय मूल्य ₹731 है। 20% लाभ पर विक्रय मूल्य कितना होगा?,क्रय मूल्य ₹731 है। 20% लाभ पर विक्रय मूल्य कितना होगा?,,877,897,711,584,A,SP=CP×(100+20)/100=731×120/100=₹877।,pending_review,,c8ebbcc2495fadee
IBPS_RRB_PRELIMS_BULK_4000_MCQ_HINDI(1).txt,2915,IBPS RRB Prelims,Profit & Loss,Profit & Loss,,Moderate,Hindi,क्रय मूल्य ₹482 है। 30% लाभ पर विक्रय मूल्य कितना होगा?,क्रय मूल्य ₹482 है। 30% लाभ पर विक्रय मूल्य कितना होगा?,,626,656,452,337,A,SP=CP×(100+30)/100=482×130/100=₹626।,pending_review,,e6c00806dc74a7b8
IBPS_RRB_PRELIMS_BULK_4000_MCQ_HINDI(1).txt,2916,IBPS RRB Prelims,Profit & Loss,Profit & Loss,,Moderate,Hindi,क्रय मूल्य ₹521 है। 25% लाभ पर विक्रय मूल्य कितना होगा?,क्रय मूल्य ₹521 है। 25% लाभ पर विक्रय मूल्य कितना होगा?,,651,676,496,390,A,SP=CP×(100+25)/100=521×125/100=₹651।,pending_review,,571fc7a27f38f4ec
IBPS_RRB_PRELIMS_BULK_4000_MCQ_HINDI(1).txt,2917,IBPS RRB Prelims,Profit & Loss,Profit & Loss,,Moderate,Hindi,क्रय मूल्य ₹635 है। 5% लाभ पर विक्रय मूल्य कितना होगा?,क्रय मूल्य ₹635 है। 5% लाभ पर विक्रय मूल्य कितना होगा?,,666,671,630,603,A,SP=CP×(100+5)/100=635×105/100=₹666।,pending_review,,7308292ee7d1b1b0
IBPS_RRB_PRELIMS_BULK_4000_MCQ_HINDI(1).txt,2918,IBPS RRB Prelims,Profit & Loss,Profit & Loss,,Moderate,Hindi,क्रय मूल्य ₹585 है। 10% लाभ पर विक्रय मूल्य कितना होगा?,क्रय मूल्य ₹585 है। 10% लाभ पर विक्रय मूल्य कितना होगा?,,643,653,575,526,A,SP=CP×(100+10)/100=585×110/100=₹643।,pending_review,,2c06b99bf9e39c41
IBPS_RRB_PRELIMS_BULK_4000_MCQ_HINDI(1).txt,2919,IBPS RRB Prelims,Profit & Loss,Profit & Loss,,Moderate,Hindi,क्रय मूल्य ₹1103 है। 40% लाभ पर विक्रय मूल्य कितना होगा?,क्रय मूल्य ₹1103 है। 40% लाभ पर विक्रय मूल्य कितना होगा?,,1544,1584,1063,661,A,SP=CP×(100+40)/100=1103×140/100=₹1544।,pending_review,,7e3c828e9594fcc9
IBPS_RRB_PRELIMS_BULK_4000_MCQ_HINDI(1).txt,2920,IBPS RRB Prelims,Profit & Loss,Profit & Loss,,Moderate,Hindi,क्रय मूल्य ₹1481 है। 5% लाभ पर विक्रय मूल्य कितना होगा?,क्रय मूल्य ₹1481 है। 5% लाभ पर विक्रय मूल्य कितना होगा?,,1555,1560,1476,1406,A,SP=CP×(100+5)/100=1481×105/100=₹1555।,pending_review,,2ea08b7fbb7ff4a3
IBPS_RRB_PRELIMS_BULK_4000_MCQ_HINDI(1).txt,2921,IBPS RRB Prelims,Profit & Loss,Profit & Loss,,Moderate,Hindi,क्रय मूल्य ₹1422 है। 5% लाभ पर विक्रय मूल्य कितना होगा?,क्रय मूल्य ₹1422 है। 5% लाभ पर विक्रय मूल्य कितना होगा?,,1493,1498,1417,1350,A,SP=CP×(100+5)/100=1422×105/100=₹1493।,pending_review,,f7b58634113f1a56
IBPS_RRB_PRELIMS_BULK_4000_MCQ_HINDI(1).txt,2922,IBPS RRB Prelims,Profit & Loss,Profit & Loss,,Moderate,Hindi,क्रय मूल्य ₹193 है। 15% लाभ पर विक्रय मूल्य कितना होगा?,क्रय मूल्य ₹193 है। 15% लाभ पर विक्रय मूल्य कितना होगा?,,221,236,178,164,A,SP=CP×(100+15)/100=193×115/100=₹221।,pending_review,,75065b220ab8399c
IBPS_RRB_PRELIMS_BULK_4000_MCQ_HINDI(1).txt,2923,IBPS RRB Prelims,Profit & Loss,Profit & Loss,,Moderate,Hindi,क्रय मूल्य ₹1198 है। 15% लाभ पर विक्रय मूल्य कितना होगा?,क्रय मूल्य ₹1198 है। 15% लाभ पर विक्रय मूल्य कितना होगा?,,1377,1392,1183,1018,A,SP=CP×(100+15)/100=1198×115/100=₹1377।,pending_review,,db4ddfea53a9833f
IBPS_RRB_PRELIMS_BULK_4000_MCQ_HINDI(1).txt,2924,IBPS RRB Prelims,Profit & Loss,Profit & Loss,,Moderate,Hindi,क्रय मूल्य ₹559 है। 20% लाभ पर विक्रय मूल्य कितना होगा?,क्रय मूल्य ₹559 है। 20% लाभ पर विक्रय मूल्य कितना होगा?,,670,690,539,447,A,SP=CP×(100+20)/100=559×120/100=₹670।,pending_review,,dfbe73922f5bfa73
IBPS_RRB_PRELIMS_BULK_4000_MCQ_HINDI(1).txt,2925,IBPS RRB Prelims,Profit & Loss,Profit & Loss,,Moderate,Hindi,क्रय मूल्य ₹899 है। 30% लाभ पर विक्रय मूल्य कितना होगा?,क्रय मूल्य ₹899 है। 30% लाभ पर विक्रय मूल्य कितना होगा?,,1168,1198,869,629,A,SP=CP×(100+30)/100=899×130/100=₹1168।,pending_review,,264644a71e0cfb5f
IBPS_RRB_PRELIMS_BULK_4000_MCQ_HINDI(1).txt,2926,IBPS RRB Prelims,Profit & Loss,Profit & Loss,,Moderate,Hindi,क्रय मूल्य ₹358 है। 25% लाभ पर विक्रय मूल्य कितना होगा?,क्रय मूल्य ₹358 है। 25% लाभ पर विक्रय मूल्य कितना होगा?,,447,472,333,268,A,SP=CP×(100+25)/100=358×125/100=₹447।,pending_review,,85d4e80db36b7521
IBPS_RRB_PRELIMS_BULK_4000_MCQ_HINDI(1).txt,2927,IBPS RRB Prelims,Profit & Loss,Profit & Loss,,Moderate,Hindi,क्रय मूल्य ₹1141 है। 15% लाभ पर विक्रय मूल्य कितना होगा?,क्रय मूल्य ₹1141 है। 15% लाभ पर विक्रय मूल्य कितना होगा?,,1312,1327,1126,969,A,SP=CP×(100+15)/100=1141×115/100=₹1312।,pending_review,,d57396a3c010b397
IBPS_RRB_PRELIMS_BULK_4000_MCQ_HINDI(1).txt,2928,IBPS RRB Prelims,Profit & Loss,Profit & Loss,,Moderate,Hindi,क्रय मूल्य ₹982 है। 25% लाभ पर विक्रय मूल्य कितना होगा?,क्रय मूल्य ₹982 है। 25% लाभ पर विक्रय मूल्य कितना होगा?,,1227,1252,957,736,A,SP=CP×(100+25)/100=982×125/100=₹1227।,pending_review,,7986b6fa5d8ebbf6
IBPS_RRB_PRELIMS_BULK_4000_MCQ_HINDI(1).txt,2929,IBPS RRB Prelims,Profit & Loss,Profit & Loss,,Moderate,Hindi,क्रय मूल्य ₹684 है। 20% लाभ पर विक्रय मूल्य कितना होगा?,क्रय मूल्य ₹684 है। 20% लाभ पर विक्रय मूल्य कितना होगा?,,820,840,664,547,A,SP=CP×(100+20)/100=684×120/100=₹820।,pending_review,,7a0799556db7d2b5
IBPS_RRB_PRELIMS_BULK_4000_MCQ_HINDI(1).txt,2930,IBPS RRB Prelims,Profit & Loss,Profit & Loss,,Moderate,Hindi,क्रय मूल्य ₹193 है। 30% लाभ पर विक्रय मूल्य कितना होगा?,क्रय मूल्य ₹193 है। 30% लाभ पर विक्रय मूल्य कितना होगा?,,250,280,163,135,A,SP=CP×(100+30)/100=193×130/100=₹250।,pending_review,,32ecbf3f363f5cf8
IBPS_RRB_PRELIMS_BULK_4000_MCQ_HINDI(1).txt,2931,IBPS RRB Prelims,Profit & Loss,Profit & Loss,,Moderate,Hindi,क्रय मूल्य ₹470 है। 10% लाभ पर विक्रय मूल्य कितना होगा?,क्रय मूल्य ₹470 है। 10% लाभ पर विक्रय मूल्य कितना होगा?,,517,527,460,423,A,SP=CP×(100+10)/100=470×110/100=₹517।,pending_review,,84a729c95a3cfabd
IBPS_RRB_PRELIMS_BULK_4000_MCQ_HINDI(1).txt,2932,IBPS RRB Prelims,Profit & Loss,Profit & Loss,,Moderate,Hindi,क्रय मूल्य ₹312 है। 15% लाभ पर विक्रय मूल्य कितना होगा?,क्रय मूल्य ₹312 है। 15% लाभ पर विक्रय मूल्य कितना होगा?,,358,373,297,265,A,SP=CP×(100+15)/100=312×115/100=₹358।,pending_review,,9ecc61ed388ae7c6
IBPS_RRB_PRELIMS_BULK_4000_MCQ_HINDI(1).txt,2933,IBPS RRB Prelims,Profit & Loss,Profit & Loss,,Moderate,Hindi,क्रय मूल्य ₹654 है। 30% लाभ पर विक्रय मूल्य कितना होगा?,क्रय मूल्य ₹654 है। 30% लाभ पर विक्रय मूल्य कितना होगा?,,850,880,624,457,A,SP=CP×(100+30)/100=654×130/100=₹850।,pending_review,,9e955404cf91305e
IBPS_RRB_PRELIMS_BULK_4000_MCQ_HINDI(1).txt,2934,IBPS RRB Prelims,Profit & Loss,Profit & Loss,,Moderate,Hindi,क्रय मूल्य ₹711 है। 15% लाभ पर विक्रय मूल्य कितना होगा?,क्रय मूल्य ₹711 है। 15% लाभ पर विक्रय मूल्य कितना होगा?,,817,832,696,604,A,SP=CP×(100+15)/100=711×115/100=₹817।,pending_review,,824c08d376ab77fa
IBPS_RRB_PRELIMS_BULK_4000_MCQ_HINDI(1).txt,2935,IBPS RRB Prelims,Profit & Loss,Profit & Loss,,Moderate,Hindi,क्रय मूल्य ₹381 है। 30% लाभ पर विक्रय मूल्य कितना होगा?,क्रय मूल्य ₹381 है। 30% लाभ पर विक्रय मूल्य कितना होगा?,,495,525,351,266,A,SP=CP×(100+30)/100=381×130/100=₹495।,pending_review,,1ba8e8aa776d6d39
IBPS_RRB_PRELIMS_BULK_4000_MCQ_HINDI(1).txt,2936,IBPS RRB Prelims,Profit & Loss,Profit & Loss,,Moderate,Hindi,क्रय मूल्य ₹1069 है। 40% लाभ पर विक्रय मूल्य कितना होगा?,क्रय मूल्य ₹1069 है। 40% लाभ पर विक्रय मूल्य कितना होगा?,,1496,1536,1029,641,A,SP=CP×(100+40)/100=1069×140/100=₹1496।,pending_review,,fa791d5d3a699daf
IBPS_RRB_PRELIMS_BULK_4000_MCQ_HINDI(1).txt,2937,IBPS RRB Prelims,Profit & Loss,Profit & Loss,,Moderate,Hindi,क्रय मूल्य ₹1110 है। 10% लाभ पर विक्रय मूल्य कितना होगा?,क्रय मूल्य ₹1110 है। 10% लाभ पर विक्रय मूल्य कितना होगा?,,1221,1231,1100,999,A,SP=CP×(100+10)/100=1110×110/100=₹1221।,pending_review,,0726c177775d7dbe
IBPS_RRB_PRELIMS_BULK_4000_MCQ_HINDI(1).txt,2938,IBPS RRB Prelims,Profit & Loss,Profit & Loss,,Moderate,Hindi,क्रय मूल्य ₹663 है। 40% लाभ पर विक्रय मूल्य कितना होगा?,क्रय मूल्य ₹663 है। 40% लाभ पर विक्रय मूल्य कितना होगा?,,928,968,623,397,A,SP=CP×(100+40)/100=663×140/100=₹928।,pending_review,,a3f7c02ce51da3a1
IBPS_RRB_PRELIMS_BULK_4000_MCQ_HINDI(1).txt,2939,IBPS RRB Prelims,Profit & Loss,Profit & Loss,,Moderate,Hindi,क्रय मूल्य ₹1089 है। 30% लाभ पर विक्रय मूल्य कितना होगा?,क्रय मूल्य ₹1089 है। 30% लाभ पर विक्रय मूल्य कितना होगा?,,1415,1445,1059,762,A,SP=CP×(100+30)/100=1089×130/100=₹1415।,pending_review,,33f52e169fc287d9
IBPS_RRB_PRELIMS_BULK_4000_MCQ_HINDI(1).txt,2940,IBPS RRB Prelims,Profit & Loss,Profit & Loss,,Moderate,Hindi,क्रय मूल्य ₹455 है। 15% लाभ पर विक्रय मूल्य कितना होगा?,क्रय मूल्य ₹455 है। 15% लाभ पर विक्रय मूल्य कितना होगा?,,523,538,440,386,A,SP=CP×(100+15)/100=455×115/100=₹523।,pending_review,,509a2cc04499aa77
IBPS_RRB_PRELIMS_BULK_4000_MCQ_HINDI(1).txt,2941,IBPS RRB Prelims,Profit & Loss,Profit & Loss,,Moderate,Hindi,क्रय मूल्य ₹1348 है। 10% लाभ पर विक्रय मूल्य कितना होगा?,क्रय मूल्य ₹1348 है। 10% लाभ पर विक्रय मूल्य कितना होगा?,,1482,1492,1338,1213,A,SP=CP×(100+10)/100=1348×110/100=₹1482।,pending_review,,8bf788f731a76644
IBPS_RRB_PRELIMS_BULK_4000_MCQ_HINDI(1).txt,2942,IBPS RRB Prelims,Profit & Loss,Profit & Loss,,Moderate,Hindi,क्रय मूल्य ₹1151 है। 20% लाभ पर विक्रय मूल्य कितना होगा?,क्रय मूल्य ₹1151 है। 20% लाभ पर विक्रय मूल्य कितना होगा?,,1381,1401,1131,920,A,SP=CP×(100+20)/100=1151×120/100=₹1381।,pending_review,,c338fe274d8558db
IBPS_RRB_PRELIMS_BULK_4000_MCQ_HINDI(1).txt,2943,IBPS RRB Prelims,Profit & Loss,Profit & Loss,,Moderate,Hindi,क्रय मूल्य ₹245 है। 30% लाभ पर विक्रय मूल्य कितना होगा?,क्रय मूल्य ₹245 है। 30% लाभ पर विक्रय मूल्य कितना होगा?,,318,348,215,171,A,SP=CP×(100+30)/100=245×130/100=₹318।,pending_review,,81ee250c756f3756
IBPS_RRB_PRELIMS_BULK_4000_MCQ_HINDI(1).txt,2944,IBPS RRB Prelims,Profit & Loss,Profit & Loss,,Moderate,Hindi,क्रय मूल्य ₹1124 है। 10% लाभ पर विक्रय मूल्य कितना होगा?,क्रय मूल्य ₹1124 है। 10% लाभ पर विक्रय मूल्य कितना होगा?,,1236,1246,1114,1011,A,SP=CP×(100+10)/100=1124×110/100=₹1236।,pending_review,,3220c5dc2667252b
IBPS_RRB_PRELIMS_BULK_4000_MCQ_HINDI(1).txt,2945,IBPS RRB Prelims,Profit & Loss,Profit & Loss,,Moderate,Hindi,क्रय मूल्य ₹1318 है। 15% लाभ पर विक्रय मूल्य कितना होगा?,क्रय मूल्य ₹1318 है। 15% लाभ पर विक्रय मूल्य कितना होगा?,,1515,1530,1303,1120,A,SP=CP×(100+15)/100=1318×115/100=₹1515।,pending_review,,22f3ffe57f4da86c
IBPS_RRB_PRELIMS_BULK_4000_MCQ_HINDI(1).txt,2946,IBPS RRB Prelims,Profit & Loss,Profit & Loss,,Moderate,Hindi,क्रय मूल्य ₹1300 है। 10% लाभ पर विक्रय मूल्य कितना होगा?,क्रय मूल्य ₹1300 है। 10% लाभ पर विक्रय मूल्य कितना होगा?,,1430,1440,1290,1170,A,SP=CP×(100+10)/100=1300×110/100=₹1430।,pending_review,,31cfda9cc6f4a3bc
IBPS_RRB_PRELIMS_BULK_4000_MCQ_HINDI(1).txt,2947,IBPS RRB Prelims,Profit & Loss,Profit & Loss,,Moderate,Hindi,क्रय मूल्य ₹126 है। 5% लाभ पर विक्रय मूल्य कितना होगा?,क्रय मूल्य ₹126 है। 5% लाभ पर विक्रय मूल्य कितना होगा?,,132,137,121,119,A,SP=CP×(100+5)/100=126×105/100=₹132।,pending_review,,eda089fe23b4aa80
IBPS_RRB_PRELIMS_BULK_4000_MCQ_HINDI(1).txt,2948,IBPS RRB Prelims,Profit & Loss,Profit & Loss,,Moderate,Hindi,क्रय मूल्य ₹1467 है। 15% लाभ पर विक्रय मूल्य कितना होगा?,क्रय मूल्य ₹1467 है। 15% लाभ पर विक्रय मूल्य कितना होगा?,,1687,1702,1452,1246,A,SP=CP×(100+15)/100=1467×115/100=₹1687।,pending_review,,f6c175cea1c76eb6
IBPS_RRB_PRELIMS_BULK_4000_MCQ_HINDI(1).txt,2950,IBPS RRB Prelims,Profit & Loss,Profit & Loss,,Moderate,Hindi,क्रय मूल्य ₹301 है। 40% लाभ पर विक्रय मूल्य कितना होगा?,क्रय मूल्य ₹301 है। 40% लाभ पर विक्रय मूल्य कितना होगा?,,421,461,261,180,A,SP=CP×(100+40)/100=301×140/100=₹421।,pending_review,,7fe78cc9e723f366
IBPS_RRB_PRELIMS_BULK_4000_MCQ_HINDI(1).txt,2951,IBPS RRB Prelims,Profit & Loss,Profit & Loss,,Moderate,Hindi,क्रय मूल्य ₹191 है। 25% लाभ पर विक्रय मूल्य कितना होगा?,क्रय मूल्य ₹191 है। 25% लाभ पर विक्रय मूल्य कितना होगा?,,238,263,166,143,A,SP=CP×(100+25)/100=191×125/100=₹238।,pending_review,,fb715e259d54ca01
IBPS_RRB_PRELIMS_BULK_4000_MCQ_HINDI(1).txt,2953,IBPS RRB Prelims,Profit & Loss,Profit & Loss,,Moderate,Hindi,क्रय मूल्य ₹883 है। 5% लाभ पर विक्रय मूल्य कितना होगा?,क्रय मूल्य ₹883 है। 5% लाभ पर विक्रय मूल्य कितना होगा?,,927,932,878,838,A,SP=CP×(100+5)/100=883×105/100=₹927।,pending_review,,7860287985ac3539
IBPS_RRB_PRELIMS_BULK_4000_MCQ_HINDI(1).txt,2954,IBPS RRB Prelims,Profit & Loss,Profit & Loss,,Moderate,Hindi,क्रय मूल्य ₹482 है। 20% लाभ पर विक्रय मूल्य कितना होगा?,क्रय मूल्य ₹482 है। 20% लाभ पर विक्रय मूल्य कितना होगा?,,578,598,462,385,A,SP=CP×(100+20)/100=482×120/100=₹578।,pending_review,,adf11d5ee55b39b5
IBPS_RRB_PRELIMS_BULK_4000_MCQ_HINDI(1).txt,2955,IBPS RRB Prelims,Profit & Loss,Profit & Loss,,Moderate,Hindi,क्रय मूल्य ₹1056 है। 30% लाभ पर विक्रय मूल्य कितना होगा?,क्रय मूल्य ₹1056 है। 30% लाभ पर विक्रय मूल्य कितना होगा?,,1372,1402,1026,739,A,SP=CP×(100+30)/100=1056×130/100=₹1372।,pending_review,,cf4aa0e22e54f5b5
IBPS_RRB_PRELIMS_BULK_4000_MCQ_HINDI(1).txt,2956,IBPS RRB Prelims,Profit & Loss,Profit & Loss,,Moderate,Hindi,क्रय मूल्य ₹1448 है। 40% लाभ पर विक्रय मूल्य कितना होगा?,क्रय मूल्य ₹1448 है। 40% लाभ पर विक्रय मूल्य कितना होगा?,,2027,2067,1408,868,A,SP=CP×(100+40)/100=1448×140/100=₹2027।,pending_review,,f87b14e939d4170f
IBPS_RRB_PRELIMS_BULK_4000_MCQ_HINDI(1).txt,2957,IBPS RRB Prelims,Profit & Loss,Profit & Loss,,Moderate,Hindi,क्रय मूल्य ₹319 है। 25% लाभ पर विक्रय मूल्य कितना होगा?,क्रय मूल्य ₹319 है। 25% लाभ पर विक्रय मूल्य कितना होगा?,,398,423,294,239,A,SP=CP×(100+25)/100=319×125/100=₹398।,pending_review,,a52e2e0f8cd398b7
IBPS_RRB_PRELIMS_BULK_4000_MCQ_HINDI(1).txt,2958,IBPS RRB Prelims,Profit & Loss,Profit & Loss,,Moderate,Hindi,क्रय मूल्य ₹1128 है। 20% लाभ पर विक्रय मूल्य कितना होगा?,क्रय मूल्य ₹1128 है। 20% लाभ पर विक्रय मूल्य कितना होगा?,,1353,1373,1108,902,A,SP=CP×(100+20)/100=1128×120/100=₹1353।,pending_review,,54d8b0a3c17a11f0
IBPS_RRB_PRELIMS_BULK_4000_MCQ_HINDI(1).txt,2959,IBPS RRB Prelims,Profit & Loss,Profit & Loss,,Moderate,Hindi,क्रय मूल्य ₹1056 है। 15% लाभ पर विक्रय मूल्य कितना होगा?,क्रय मूल्य ₹1056 है। 15% लाभ पर विक्रय मूल्य कितना होगा?,,1214,1229,1041,897,A,SP=CP×(100+15)/100=1056×115/100=₹1214।,pending_review,,c058e8fd67f3d0c1
IBPS_RRB_PRELIMS_BULK_4000_MCQ_HINDI(1).txt,2960,IBPS RRB Prelims,Profit & Loss,Profit & Loss,,Moderate,Hindi,क्रय मूल्य ₹331 है। 5% लाभ पर विक्रय मूल्य कितना होगा?,क्रय मूल्य ₹331 है। 5% लाभ पर विक्रय मूल्य कितना होगा?,,347,352,326,314,A,SP=CP×(100+5)/100=331×105/100=₹347।,pending_review,,3caf61fa4e4b4ec6
IBPS_RRB_PRELIMS_BULK_4000_MCQ_HINDI(1).txt,2961,IBPS RRB Prelims,Profit & Loss,Profit & Loss,,Moderate,Hindi,क्रय मूल्य ₹1402 है। 30% लाभ पर विक्रय मूल्य कितना होगा?,क्रय मूल्य ₹1402 है। 30% लाभ पर विक्रय मूल्य कितना होगा?,,1822,1852,1372,981,A,SP=CP×(100+30)/100=1402×130/100=₹1822।,pending_review,,cc033526df01110f
IBPS_RRB_PRELIMS_BULK_4000_MCQ_HINDI(1).txt,2962,IBPS RRB Prelims,Profit & Loss,Profit & Loss,,Moderate,Hindi,क्रय मूल्य ₹1333 है। 10% लाभ पर विक्रय मूल्य कितना होगा?,क्रय मूल्य ₹1333 है। 10% लाभ पर विक्रय मूल्य कितना होगा?,,1466,1476,1323,1199,A,SP=CP×(100+10)/100=1333×110/100=₹1466।,pending_review,,d1d4b659ad07828e
IBPS_RRB_PRELIMS_BULK_4000_MCQ_HINDI(1).txt,2963,IBPS RRB Prelims,Profit & Loss,Profit & Loss,,Moderate,Hindi,क्रय मूल्य ₹652 है। 20% लाभ पर विक्रय मूल्य कितना होगा?,क्रय मूल्य ₹652 है। 20% लाभ पर विक्रय मूल्य कितना होगा?,,782,802,632,521,A,SP=CP×(100+20)/100=652×120/100=₹782।,pending_review,,cfa5701458a5e4db
IBPS_RRB_PRELIMS_BULK_4000_MCQ_HINDI(1).txt,2964,IBPS RRB Prelims,Profit & Loss,Profit & Loss,,Moderate,Hindi,क्रय मूल्य ₹1359 है। 30% लाभ पर विक्रय मूल्य कितना होगा?,क्रय मूल्य ₹1359 है। 30% लाभ पर विक्रय मूल्य कितना होगा?,,1766,1796,1329,951,A,SP=CP×(100+30)/100=1359×130/100=₹1766।,pending_review,,95447a04f6a5023c
IBPS_RRB_PRELIMS_BULK_4000_MCQ_HINDI(1).txt,2965,IBPS RRB Prelims,Profit & Loss,Profit & Loss,,Moderate,Hindi,क्रय मूल्य ₹1057 है। 10% लाभ पर विक्रय मूल्य कितना होगा?,क्रय मूल्य ₹1057 है। 10% लाभ पर विक्रय मूल्य कितना होगा?,,1162,1172,1047,951,A,SP=CP×(100+10)/100=1057×110/100=₹1162।,pending_review,,0f6093f5bf4b24ef
IBPS_RRB_PRELIMS_BULK_4000_MCQ_HINDI(1).txt,2966,IBPS RRB Prelims,Profit & Loss,Profit & Loss,,Moderate,Hindi,क्रय मूल्य ₹235 है। 5% लाभ पर विक्रय मूल्य कितना होगा?,क्रय मूल्य ₹235 है। 5% लाभ पर विक्रय मूल्य कितना होगा?,,246,251,230,223,A,SP=CP×(100+5)/100=235×105/100=₹246।,pending_review,,7fa34746874dcb69
IBPS_RRB_PRELIMS_BULK_4000_MCQ_HINDI(1).txt,2967,IBPS RRB Prelims,Profit & Loss,Profit & Loss,,Moderate,Hindi,क्रय मूल्य ₹501 है। 30% लाभ पर विक्रय मूल्य कितना होगा?,क्रय मूल्य ₹501 है। 30% लाभ पर विक्रय मूल्य कितना होगा?,,651,681,471,350,A,SP=CP×(100+30)/100=501×130/100=₹651।,pending_review,,f8ae37cfe52d663b
IBPS_RRB_PRELIMS_BULK_4000_MCQ_HINDI(1).txt,2968,IBPS RRB Prelims,Profit & Loss,Profit & Loss,,Moderate,Hindi,क्रय मूल्य ₹1117 है। 25% लाभ पर विक्रय मूल्य कितना होगा?,क्रय मूल्य ₹1117 है। 25% लाभ पर विक्रय मूल्य कितना होगा?,,1396,1421,1092,837,A,SP=CP×(100+25)/100=1117×125/100=₹1396।,pending_review,,aa383a78a33a0b20
IBPS_RRB_PRELIMS_BULK_4000_MCQ_HINDI(1).txt,2969,IBPS RRB Prelims,Profit & Loss,Profit & Loss,,Moderate,Hindi,क्रय मूल्य ₹324 है। 5% लाभ पर विक्रय मूल्य कितना होगा?,क्रय मूल्य ₹324 है। 5% लाभ पर विक्रय मूल्य कितना होगा?,,340,345,319,307,A,SP=CP×(100+5)/100=324×105/100=₹340।,pending_review,,55fedf78bd88311b
IBPS_RRB_PRELIMS_BULK_4000_MCQ_HINDI(1).txt,2970,IBPS RRB Prelims,Profit & Loss,Profit & Loss,,Moderate,Hindi,क्रय मूल्य ₹307 है। 5% लाभ पर विक्रय मूल्य कितना होगा?,क्रय मूल्य ₹307 है। 5% लाभ पर विक्रय मूल्य कितना होगा?,,322,327,302,291,A,SP=CP×(100+5)/100=307×105/100=₹322।,pending_review,,53631bc8d149829e
IBPS_RRB_PRELIMS_BULK_4000_MCQ_HINDI(1).txt,2971,IBPS RRB Prelims,Profit & Loss,Profit & Loss,,Moderate,Hindi,क्रय मूल्य ₹174 है। 40% लाभ पर विक्रय मूल्य कितना होगा?,क्रय मूल्य ₹174 है। 40% लाभ पर विक्रय मूल्य कितना होगा?,,243,283,134,104,A,SP=CP×(100+40)/100=174×140/100=₹243।,pending_review,,23cf1d7bfda34d4a
IBPS_RRB_PRELIMS_BULK_4000_MCQ_HINDI(1).txt,2972,IBPS RRB Prelims,Profit & Loss,Profit & Loss,,Moderate,Hindi,क्रय मूल्य ₹828 है। 40% लाभ पर विक्रय मूल्य कितना होगा?,क्रय मूल्य ₹828 है। 40% लाभ पर विक्रय मूल्य कितना होगा?,,1159,1199,788,496,A,SP=CP×(100+40)/100=828×140/100=₹1159।,pending_review,,d3afe2553f90432f
IBPS_RRB_PRELIMS_BULK_4000_MCQ_HINDI(1).txt,2973,IBPS RRB Prelims,Profit & Loss,Profit & Loss,,Moderate,Hindi,क्रय मूल्य ₹802 है। 15% लाभ पर विक्रय मूल्य कितना होगा?,क्रय मूल्य ₹802 है। 15% लाभ पर विक्रय मूल्य कितना होगा?,,922,937,787,681,A,SP=CP×(100+15)/100=802×115/100=₹922।,pending_review,,c7448fb1ad5c0e5e
IBPS_RRB_PRELIMS_BULK_4000_MCQ_HINDI(1).txt,2974,IBPS RRB Prelims,Profit & Loss,Profit & Loss,,Moderate,Hindi,क्रय मूल्य ₹719 है। 20% लाभ पर विक्रय मूल्य कितना होगा?,क्रय मूल्य ₹719 है। 20% लाभ पर विक्रय मूल्य कितना होगा?,,862,882,699,575,A,SP=CP×(100+20)/100=719×120/100=₹862।,pending_review,,aca5fcb2eb9712d0
IBPS_RRB_PRELIMS_BULK_4000_MCQ_HINDI(1).txt,2975,IBPS RRB Prelims,Profit & Loss,Profit & Loss,,Moderate,Hindi,क्रय मूल्य ₹985 है। 30% लाभ पर विक्रय मूल्य कितना होगा?,क्रय मूल्य ₹985 है। 30% लाभ पर विक्रय मूल्य कितना होगा?,,1280,1310,955,689,A,SP=CP×(100+30)/100=985×130/100=₹1280।,pending_review,,f54df2a333555a95
IBPS_RRB_PRELIMS_BULK_4000_MCQ_HINDI(1).txt,2976,IBPS RRB Prelims,Profit & Loss,Profit & Loss,,Moderate,Hindi,क्रय मूल्य ₹1387 है। 25% लाभ पर विक्रय मूल्य कितना होगा?,क्रय मूल्य ₹1387 है। 25% लाभ पर विक्रय मूल्य कितना होगा?,,1733,1758,1362,1040,A,SP=CP×(100+25)/100=1387×125/100=₹1733।,pending_review,,5d363a04e5c5415d
IBPS_RRB_PRELIMS_BULK_4000_MCQ_HINDI(1).txt,2977,IBPS RRB Prelims,Profit & Loss,Profit & Loss,,Moderate,Hindi,क्रय मूल्य ₹873 है। 25% लाभ पर विक्रय मूल्य कितना होगा?,क्रय मूल्य ₹873 है। 25% लाभ पर विक्रय मूल्य कितना होगा?,,1091,1116,848,654,A,SP=CP×(100+25)/100=873×125/100=₹1091।,pending_review,,54ae3520642b9d6f
IBPS_RRB_PRELIMS_BULK_4000_MCQ_HINDI(1).txt,2978,IBPS RRB Prelims,Profit & Loss,Profit & Loss,,Moderate,Hindi,क्रय मूल्य ₹446 है। 5% लाभ पर विक्रय मूल्य कितना होगा?,क्रय मूल्य ₹446 है। 5% लाभ पर विक्रय मूल्य कितना होगा?,,468,473,441,423,A,SP=CP×(100+5)/100=446×105/100=₹468।,pending_review,,40cdca1e32bf44f5
IBPS_RRB_PRELIMS_BULK_4000_MCQ_HINDI(1).txt,2979,IBPS RRB Prelims,Profit & Loss,Profit & Loss,,Moderate,Hindi,क्रय मूल्य ₹1385 है। 20% लाभ पर विक्रय मूल्य कितना होगा?,क्रय मूल्य ₹1385 है। 20% लाभ पर विक्रय मूल्य कितना होगा?,,1662,1682,1365,1108,A,SP=CP×(100+20)/100=1385×120/100=₹1662।,pending_review,,2c4c9fd05ed8f768
IBPS_RRB_PRELIMS_BULK_4000_MCQ_HINDI(1).txt,2980,IBPS RRB Prelims,Profit & Loss,Profit & Loss,,Moderate,Hindi,क्रय मूल्य ₹117 है। 40% लाभ पर विक्रय मूल्य कितना होगा?,क्रय मूल्य ₹117 है। 40% लाभ पर विक्रय मूल्य कितना होगा?,,163,203,77,70,A,SP=CP×(100+40)/100=117×140/100=₹163।,pending_review,,6d0cb2cc186ac9b1
IBPS_RRB_PRELIMS_BULK_4000_MCQ_HINDI(1).txt,2981,IBPS RRB Prelims,Profit & Loss,Profit & Loss,,Moderate,Hindi,क्रय मूल्य ₹123 है। 25% लाभ पर विक्रय मूल्य कितना होगा?,क्रय मूल्य ₹123 है। 25% लाभ पर विक्रय मूल्य कितना होगा?,,153,178,98,92,A,SP=CP×(100+25)/100=123×125/100=₹153।,pending_review,,f55b0ff26601b470
IBPS_RRB_PRELIMS_BULK_4000_MCQ_HINDI(1).txt,2982,IBPS RRB Prelims,Profit & Loss,Profit & Loss,,Moderate,Hindi,क्रय मूल्य ₹713 है। 25% लाभ पर विक्रय मूल्य कितना होगा?,क्रय मूल्य ₹713 है। 25% लाभ पर विक्रय मूल्य कितना होगा?,,891,916,688,534,A,SP=CP×(100+25)/100=713×125/100=₹891।,pending_review,,ccd10ad39fd49c38
IBPS_RRB_PRELIMS_BULK_4000_MCQ_HINDI(1).txt,2983,IBPS RRB Prelims,Profit & Loss,Profit & Loss,,Moderate,Hindi,क्रय मूल्य ₹780 है। 25% लाभ पर विक्रय मूल्य कितना होगा?,क्रय मूल्य ₹780 है। 25% लाभ पर विक्रय मूल्य कितना होगा?,,975,1000,755,585,A,SP=CP×(100+25)/100=780×125/100=₹975।,pending_review,,7308586a3e854b78
IBPS_RRB_PRELIMS_BULK_4000_MCQ_HINDI(1).txt,2984,IBPS RRB Prelims,Profit & Loss,Profit & Loss,,Moderate,Hindi,क्रय मूल्य ₹722 है। 30% लाभ पर विक्रय मूल्य कितना होगा?,क्रय मूल्य ₹722 है। 30% लाभ पर विक्रय मूल्य कितना होगा?,,938,968,692,505,A,SP=CP×(100+30)/100=722×130/100=₹938।,pending_review,,01dbfac3a00d8b05
IBPS_RRB_PRELIMS_BULK_4000_MCQ_HINDI(1).txt,2985,IBPS RRB Prelims,Profit & Loss,Profit & Loss,,Moderate,Hindi,क्रय मूल्य ₹1329 है। 30% लाभ पर विक्रय मूल्य कितना होगा?,क्रय मूल्य ₹1329 है। 30% लाभ पर विक्रय मूल्य कितना होगा?,,1727,1757,1299,930,A,SP=CP×(100+30)/100=1329×130/100=₹1727।,pending_review,,6782909c0d6a3d3f
IBPS_RRB_PRELIMS_BULK_4000_MCQ_HINDI(1).txt,2986,IBPS RRB Prelims,Profit & Loss,Profit & Loss,,Moderate,Hindi,क्रय मूल्य ₹328 है। 25% लाभ पर विक्रय मूल्य कितना होगा?,क्रय मूल्य ₹328 है। 25% लाभ पर विक्रय मूल्य कितना होगा?,,410,435,303,246,A,SP=CP×(100+25)/100=328×125/100=₹410।,pending_review,,6dd9a00ec2fd8494
IBPS_RRB_PRELIMS_BULK_4000_MCQ_HINDI(1).txt,2987,IBPS RRB Prelims,Profit & Loss,Profit & Loss,,Moderate,Hindi,क्रय मूल्य ₹152 है। 15% लाभ पर विक्रय मूल्य कितना होगा?,क्रय मूल्य ₹152 है। 15% लाभ पर विक्रय मूल्य कितना होगा?,,174,189,137,129,A,SP=CP×(100+15)/100=152×115/100=₹174।,pending_review,,655aaf1fd8633f52
IBPS_RRB_PRELIMS_BULK_4000_MCQ_HINDI(1).txt,2988,IBPS RRB Prelims,Profit & Loss,Profit & Loss,,Moderate,Hindi,क्रय मूल्य ₹589 है। 30% लाभ पर विक्रय मूल्य कितना होगा?,क्रय मूल्य ₹589 है। 30% लाभ पर विक्रय मूल्य कितना होगा?,,765,795,559,412,A,SP=CP×(100+30)/100=589×130/100=₹765।,pending_review,,46da286d7d0c09df
IBPS_RRB_PRELIMS_BULK_4000_MCQ_HINDI(1).txt,2989,IBPS RRB Prelims,Profit & Loss,Profit & Loss,,Moderate,Hindi,क्रय मूल्य ₹1026 है। 5% लाभ पर विक्रय मूल्य कितना होगा?,क्रय मूल्य ₹1026 है। 5% लाभ पर विक्रय मूल्य कितना होगा?,,1077,1082,1021,974,A,SP=CP×(100+5)/100=1026×105/100=₹1077।,pending_review,,d5a31ace1f831590
IBPS_RRB_PRELIMS_BULK_4000_MCQ_HINDI(1).txt,2990,IBPS RRB Prelims,Profit & Loss,Profit & Loss,,Moderate,Hindi,क्रय मूल्य ₹1076 है। 40% लाभ पर विक्रय मूल्य कितना होगा?,क्रय मूल्य ₹1076 है। 40% लाभ पर विक्रय मूल्य कितना होगा?,,1506,1546,1036,645,A,SP=CP×(100+40)/100=1076×140/100=₹1506।,pending_review,,da232bda71cea8d0
IBPS_RRB_PRELIMS_BULK_4000_MCQ_HINDI(1).txt,2991,IBPS RRB Prelims,Profit & Loss,Profit & Loss,,Moderate,Hindi,क्रय मूल्य ₹1441 है। 10% लाभ पर विक्रय मूल्य कितना होगा?,क्रय मूल्य ₹1441 है। 10% लाभ पर विक्रय मूल्य कितना होगा?,,1585,1595,1431,1296,A,SP=CP×(100+10)/100=1441×110/100=₹1585।,pending_review,,e6d2c8c4c720aafa
IBPS_RRB_PRELIMS_BULK_4000_MCQ_HINDI(1).txt,2992,IBPS RRB Prelims,Profit & Loss,Profit & Loss,,Moderate,Hindi,क्रय मूल्य ₹346 है। 5% लाभ पर विक्रय मूल्य कितना होगा?,क्रय मूल्य ₹346 है। 5% लाभ पर विक्रय मूल्य कितना होगा?,,363,368,341,328,A,SP=CP×(100+5)/100=346×105/100=₹363।,pending_review,,3c5e2ed841639a71
IBPS_RRB_PRELIMS_BULK_4000_MCQ_HINDI(1).txt,2993,IBPS RRB Prelims,Profit & Loss,Profit & Loss,,Moderate,Hindi,क्रय मूल्य ₹683 है। 5% लाभ पर विक्रय मूल्य कितना होगा?,क्रय मूल्य ₹683 है। 5% लाभ पर विक्रय मूल्य कितना होगा?,,717,722,678,648,A,SP=CP×(100+5)/100=683×105/100=₹717।,pending_review,,719b53af120fa993
IBPS_RRB_PRELIMS_BULK_4000_MCQ_HINDI(1).txt,2994,IBPS RRB Prelims,Profit & Loss,Profit & Loss,,Moderate,Hindi,क्रय मूल्य ₹566 है। 20% लाभ पर विक्रय मूल्य कितना होगा?,क्रय मूल्य ₹566 है। 20% लाभ पर विक्रय मूल्य कितना होगा?,,679,699,546,452,A,SP=CP×(100+20)/100=566×120/100=₹679।,pending_review,,51139a48c469c3f0
IBPS_RRB_PRELIMS_BULK_4000_MCQ_HINDI(1).txt,2995,IBPS RRB Prelims,Profit & Loss,Profit & Loss,,Moderate,Hindi,क्रय मूल्य ₹291 है। 5% लाभ पर विक्रय मूल्य कितना होगा?,क्रय मूल्य ₹291 है। 5% लाभ पर विक्रय मूल्य कितना होगा?,,305,310,286,276,A,SP=CP×(100+5)/100=291×105/100=₹305।,pending_review,,64a53f93139a9535
IBPS_RRB_PRELIMS_BULK_4000_MCQ_HINDI(1).txt,2996,IBPS RRB Prelims,Profit & Loss,Profit & Loss,,Moderate,Hindi,क्रय मूल्य ₹343 है। 25% लाभ पर विक्रय मूल्य कितना होगा?,क्रय मूल्य ₹343 है। 25% लाभ पर विक्रय मूल्य कितना होगा?,,428,453,318,257,A,SP=CP×(100+25)/100=343×125/100=₹428।,pending_review,,81e4260c00eb538c
IBPS_RRB_PRELIMS_BULK_4000_MCQ_HINDI(1).txt,2997,IBPS RRB Prelims,Profit & Loss,Profit & Loss,,Moderate,Hindi,क्रय मूल्य ₹646 है। 40% लाभ पर विक्रय मूल्य कितना होगा?,क्रय मूल्य ₹646 है। 40% लाभ पर विक्रय मूल्य कितना होगा?,,904,944,606,387,A,SP=CP×(100+40)/100=646×140/100=₹904।,pending_review,,48b64f05e30c0e2d
IBPS_RRB_PRELIMS_BULK_4000_MCQ_HINDI(1).txt,2998,IBPS RRB Prelims,Profit & Loss,Profit & Loss,,Moderate,Hindi,क्रय मूल्य ₹202 है। 5% लाभ पर विक्रय मूल्य कितना होगा?,क्रय मूल्य ₹202 है। 5% लाभ पर विक्रय मूल्य कितना होगा?,,212,217,197,191,A,SP=CP×(100+5)/100=202×105/100=₹212।,pending_review,,e02eea830e27aecf
IBPS_RRB_PRELIMS_BULK_4000_MCQ_HINDI(1).txt,2999,IBPS RRB Prelims,Profit & Loss,Profit & Loss,,Moderate,Hindi,क्रय मूल्य ₹981 है। 20% लाभ पर विक्रय मूल्य कितना होगा?,क्रय मूल्य ₹981 है। 20% लाभ पर विक्रय मूल्य कितना होगा?,,1177,1197,961,784,A,SP=CP×(100+20)/100=981×120/100=₹1177।,pending_review,,0280b9899dfefd53
IBPS_RRB_PRELIMS_BULK_4000_MCQ_HINDI(1).txt,3000,IBPS RRB Prelims,Profit & Loss,Profit & Loss,,Moderate,Hindi,क्रय मूल्य ₹286 है। 20% लाभ पर विक्रय मूल्य कितना होगा?,क्रय मूल्य ₹286 है। 20% लाभ पर विक्रय मूल्य कितना होगा?,,343,363,266,228,A,SP=CP×(100+20)/100=286×120/100=₹343।,pending_review,,c0ccf896af09b3a1
IBPS_RRB_PRELIMS_BULK_4000_MCQ_HINDI(1).txt,3001,IBPS RRB Prelims,Profit & Loss,Profit & Loss,,Moderate,Hindi,क्रय मूल्य ₹613 है। 40% लाभ पर विक्रय मूल्य कितना होगा?,क्रय मूल्य ₹613 है। 40% लाभ पर विक्रय मूल्य कितना होगा?,,858,898,573,367,A,SP=CP×(100+40)/100=613×140/100=₹858।,pending_review,,a80e49e302a6ba16
IBPS_RRB_PRELIMS_BULK_4000_MCQ_HINDI(1).txt,3002,IBPS RRB Prelims,Profit & Loss,Profit & Loss,,Moderate,Hindi,क्रय मूल्य ₹729 है। 10% लाभ पर विक्रय मूल्य कितना होगा?,क्रय मूल्य ₹729 है। 10% लाभ पर विक्रय मूल्य कितना होगा?,,801,811,719,656,A,SP=CP×(100+10)/100=729×110/100=₹801।,pending_review,,c52c6dfabe061d54
IBPS_RRB_PRELIMS_BULK_4000_MCQ_HINDI(1).txt,3004,IBPS RRB Prelims,Profit & Loss,Profit & Loss,,Moderate,Hindi,क्रय मूल्य ₹262 है। 20% लाभ पर विक्रय मूल्य कितना होगा?,क्रय मूल्य ₹262 है। 20% लाभ पर विक्रय मूल्य कितना होगा?,,314,334,242,209,A,SP=CP×(100+20)/100=262×120/100=₹314।,pending_review,,e2cfaf6b2bb289a2
IBPS_RRB_PRELIMS_BULK_4000_MCQ_HINDI(1).txt,3005,IBPS RRB Prelims,Profit & Loss,Profit & Loss,,Moderate,Hindi,क्रय मूल्य ₹562 है। 40% लाभ पर विक्रय मूल्य कितना होगा?,क्रय मूल्य ₹562 है। 40% लाभ पर विक्रय मूल्य कितना होगा?,,786,826,522,337,A,SP=CP×(100+40)/100=562×140/100=₹786।,pending_review,,8f2dc0bd4325415c
IBPS_RRB_PRELIMS_BULK_4000_MCQ_HINDI(1).txt,3006,IBPS RRB Prelims,Profit & Loss,Profit & Loss,,Moderate,Hindi,क्रय मूल्य ₹1260 है। 5% लाभ पर विक्रय मूल्य कितना होगा?,क्रय मूल्य ₹1260 है। 5% लाभ पर विक्रय मूल्य कितना होगा?,,1323,1328,1255,1197,A,SP=CP×(100+5)/100=1260×105/100=₹1323।,pending_review,,137e43b3e6254569
IBPS_RRB_PRELIMS_BULK_4000_MCQ_HINDI(1).txt,3007,IBPS RRB Prelims,Profit & Loss,Profit & Loss,,Moderate,Hindi,क्रय मूल्य ₹729 है। 20% लाभ पर विक्रय मूल्य कितना होगा?,क्रय मूल्य ₹729 है। 20% लाभ पर विक्रय मूल्य कितना होगा?,,874,894,709,583,A,SP=CP×(100+20)/100=729×120/100=₹874।,pending_review,,8096fd522470f77a
IBPS_RRB_PRELIMS_BULK_4000_MCQ_HINDI(1).txt,3008,IBPS RRB Prelims,Profit & Loss,Profit & Loss,,Moderate,Hindi,क्रय मूल्य ₹1138 है। 15% लाभ पर विक्रय मूल्य कितना होगा?,क्रय मूल्य ₹1138 है। 15% लाभ पर विक्रय मूल्य कितना होगा?,,1308,1323,1123,967,A,SP=CP×(100+15)/100=1138×115/100=₹1308।,pending_review,,8fdb2e2f47bd14e7
IBPS_RRB_PRELIMS_BULK_4000_MCQ_HINDI(1).txt,3009,IBPS RRB Prelims,Profit & Loss,Profit & Loss,,Moderate,Hindi,क्रय मूल्य ₹639 है। 30% लाभ पर विक्रय मूल्य कितना होगा?,क्रय मूल्य ₹639 है। 30% लाभ पर विक्रय मूल्य कितना होगा?,,830,860,609,447,A,SP=CP×(100+30)/100=639×130/100=₹830।,pending_review,,3abfc619ad6914a5
IBPS_RRB_PRELIMS_BULK_4000_MCQ_HINDI(1).txt,3010,IBPS RRB Prelims,Profit & Loss,Profit & Loss,,Moderate,Hindi,क्रय मूल्य ₹1324 है। 5% लाभ पर विक्रय मूल्य कितना होगा?,क्रय मूल्य ₹1324 है। 5% लाभ पर विक्रय मूल्य कितना होगा?,,1390,1395,1319,1257,A,SP=CP×(100+5)/100=1324×105/100=₹1390।,pending_review,,e77e8a6d9989db6e
IBPS_RRB_PRELIMS_BULK_4000_MCQ_HINDI(1).txt,3011,IBPS RRB Prelims,Profit & Loss,Profit & Loss,,Moderate,Hindi,क्रय मूल्य ₹381 है। 20% लाभ पर विक्रय मूल्य कितना होगा?,क्रय मूल्य ₹381 है। 20% लाभ पर विक्रय मूल्य कितना होगा?,,457,477,361,304,A,SP=CP×(100+20)/100=381×120/100=₹457।,pending_review,,84eeba5ad40762d7
IBPS_RRB_PRELIMS_BULK_4000_MCQ_HINDI(1).txt,3012,IBPS RRB Prelims,Profit & Loss,Profit & Loss,,Moderate,Hindi,क्रय मूल्य ₹772 है। 15% लाभ पर विक्रय मूल्य कितना होगा?,क्रय मूल्य ₹772 है। 15% लाभ पर विक्रय मूल्य कितना होगा?,,887,902,757,656,A,SP=CP×(100+15)/100=772×115/100=₹887।,pending_review,,89e99149e72c07b3
IBPS_RRB_PRELIMS_BULK_4000_MCQ_HINDI(1).txt,3013,IBPS RRB Prelims,Profit & Loss,Profit & Loss,,Moderate,Hindi,क्रय मूल्य ₹1273 है। 40% लाभ पर विक्रय मूल्य कितना होगा?,क्रय मूल्य ₹1273 है। 40% लाभ पर विक्रय मूल्य कितना होगा?,,1782,1822,1233,763,A,SP=CP×(100+40)/100=1273×140/100=₹1782।,pending_review,,d001abb47cb1c8c4
IBPS_RRB_PRELIMS_BULK_4000_MCQ_HINDI(1).txt,3014,IBPS RRB Prelims,Profit & Loss,Profit & Loss,,Moderate,Hindi,क्रय मूल्य ₹401 है। 10% लाभ पर विक्रय मूल्य कितना होगा?,क्रय मूल्य ₹401 है। 10% लाभ पर विक्रय मूल्य कितना होगा?,,441,451,391,360,A,SP=CP×(100+10)/100=401×110/100=₹441।,pending_review,,d3a7ae09d6c345f1
IBPS_RRB_PRELIMS_BULK_4000_MCQ_HINDI(1).txt,3015,IBPS RRB Prelims,Profit & Loss,Profit & Loss,,Moderate,Hindi,क्रय मूल्य ₹1297 है। 5% लाभ पर विक्रय मूल्य कितना होगा?,क्रय मूल्य ₹1297 है। 5% लाभ पर विक्रय मूल्य कितना होगा?,,1361,1366,1292,1232,A,SP=CP×(100+5)/100=1297×105/100=₹1361।,pending_review,,0cddfb4a53b76236
IBPS_RRB_PRELIMS_BULK_4000_MCQ_HINDI(1).txt,3016,IBPS RRB Prelims,Profit & Loss,Profit & Loss,,Moderate,Hindi,क्रय मूल्य ₹1272 है। 10% लाभ पर विक्रय मूल्य कितना होगा?,क्रय मूल्य ₹1272 है। 10% लाभ पर विक्रय मूल्य कितना होगा?,,1399,1409,1262,1144,A,SP=CP×(100+10)/100=1272×110/100=₹1399।,pending_review,,8efd2766c0a7b0cb
IBPS_RRB_PRELIMS_BULK_4000_MCQ_HINDI(1).txt,3017,IBPS RRB Prelims,Profit & Loss,Profit & Loss,,Moderate,Hindi,क्रय मूल्य ₹1328 है। 30% लाभ पर विक्रय मूल्य कितना होगा?,क्रय मूल्य ₹1328 है। 30% लाभ पर विक्रय मूल्य कितना होगा?,,1726,1756,1298,929,A,SP=CP×(100+30)/100=1328×130/100=₹1726।,pending_review,,9adbcb97673f0629
IBPS_RRB_PRELIMS_BULK_4000_MCQ_HINDI(1).txt,3018,IBPS RRB Prelims,Profit & Loss,Profit & Loss,,Moderate,Hindi,क्रय मूल्य ₹1461 है। 40% लाभ पर विक्रय मूल्य कितना होगा?,क्रय मूल्य ₹1461 है। 40% लाभ पर विक्रय मूल्य कितना होगा?,,2045,2085,1421,876,A,SP=CP×(100+40)/100=1461×140/100=₹2045।,pending_review,,c09f10abef4b67a8
IBPS_RRB_PRELIMS_BULK_4000_MCQ_HINDI(1).txt,3019,IBPS RRB Prelims,Profit & Loss,Profit & Loss,,Moderate,Hindi,क्रय मूल्य ₹912 है। 5% लाभ पर विक्रय मूल्य कितना होगा?,क्रय मूल्य ₹912 है। 5% लाभ पर विक्रय मूल्य कितना होगा?,,957,962,907,866,A,SP=CP×(100+5)/100=912×105/100=₹957।,pending_review,,33706902ec9bf4bf
IBPS_RRB_PRELIMS_BULK_4000_MCQ_HINDI(1).txt,3020,IBPS RRB Prelims,Profit & Loss,Profit & Loss,,Moderate,Hindi,क्रय मूल्य ₹1236 है। 15% लाभ पर विक्रय मूल्य कितना होगा?,क्रय मूल्य ₹1236 है। 15% लाभ पर विक्रय मूल्य कितना होगा?,,1421,1436,1221,1050,A,SP=CP×(100+15)/100=1236×115/100=₹1421।,pending_review,,f9a9ab639eb64c8f
IBPS_RRB_PRELIMS_BULK_4000_MCQ_HINDI(1).txt,3021,IBPS RRB Prelims,Profit & Loss,Profit & Loss,,Moderate,Hindi,क्रय मूल्य ₹708 है। 5% लाभ पर विक्रय मूल्य कितना होगा?,क्रय मूल्य ₹708 है। 5% लाभ पर विक्रय मूल्य कितना होगा?,,743,748,703,672,A,SP=CP×(100+5)/100=708×105/100=₹743।,pending_review,,44ccd1d0c06fe801
IBPS_RRB_PRELIMS_BULK_4000_MCQ_HINDI(1).txt,3022,IBPS RRB Prelims,Profit & Loss,Profit & Loss,,Moderate,Hindi,क्रय मूल्य ₹624 है। 30% लाभ पर विक्रय मूल्य कितना होगा?,क्रय मूल्य ₹624 है। 30% लाभ पर विक्रय मूल्य कितना होगा?,,811,841,594,436,A,SP=CP×(100+30)/100=624×130/100=₹811।,pending_review,,d8003b233252e405
IBPS_RRB_PRELIMS_BULK_4000_MCQ_HINDI(1).txt,3023,IBPS RRB Prelims,Profit & Loss,Profit & Loss,,Moderate,Hindi,क्रय मूल्य ₹471 है। 5% लाभ पर विक्रय मूल्य कितना होगा?,क्रय मूल्य ₹471 है। 5% लाभ पर विक्रय मूल्य कितना होगा?,,494,499,466,447,A,SP=CP×(100+5)/100=471×105/100=₹494।,pending_review,,550d190b30b73a15
IBPS_RRB_PRELIMS_BULK_4000_MCQ_HINDI(1).txt,3024,IBPS RRB Prelims,Profit & Loss,Profit & Loss,,Moderate,Hindi,क्रय मूल्य ₹334 है। 30% लाभ पर विक्रय मूल्य कितना होगा?,क्रय मूल्य ₹334 है। 30% लाभ पर विक्रय मूल्य कितना होगा?,,434,464,304,233,A,SP=CP×(100+30)/100=334×130/100=₹434।,pending_review,,05a5675d000142c1
IBPS_RRB_PRELIMS_BULK_4000_MCQ_HINDI(1).txt,3025,IBPS RRB Prelims,Profit & Loss,Profit & Loss,,Moderate,Hindi,क्रय मूल्य ₹252 है। 20% लाभ पर विक्रय मूल्य कितना होगा?,क्रय मूल्य ₹252 है। 20% लाभ पर विक्रय मूल्य कितना होगा?,,302,322,232,201,A,SP=CP×(100+20)/100=252×120/100=₹302।,pending_review,,6ad0d59b7c7380f8
IBPS_RRB_PRELIMS_BULK_4000_MCQ_HINDI(1).txt,3026,IBPS RRB Prelims,Profit & Loss,Profit & Loss,,Moderate,Hindi,क्रय मूल्य ₹788 है। 25% लाभ पर विक्रय मूल्य कितना होगा?,क्रय मूल्य ₹788 है। 25% लाभ पर विक्रय मूल्य कितना होगा?,,985,1010,763,591,A,SP=CP×(100+25)/100=788×125/100=₹985।,pending_review,,8e8c8d78cf367d45
IBPS_RRB_PRELIMS_BULK_4000_MCQ_HINDI(1).txt,3027,IBPS RRB Prelims,Profit & Loss,Profit & Loss,,Moderate,Hindi,क्रय मूल्य ₹1197 है। 10% लाभ पर विक्रय मूल्य कितना होगा?,क्रय मूल्य ₹1197 है। 10% लाभ पर विक्रय मूल्य कितना होगा?,,1316,1326,1187,1077,A,SP=CP×(100+10)/100=1197×110/100=₹1316।,pending_review,,e31bb13bdad7a189
IBPS_RRB_PRELIMS_BULK_4000_MCQ_HINDI(1).txt,3028,IBPS RRB Prelims,Profit & Loss,Profit & Loss,,Moderate,Hindi,क्रय मूल्य ₹1331 है। 30% लाभ पर विक्रय मूल्य कितना होगा?,क्रय मूल्य ₹1331 है। 30% लाभ पर विक्रय मूल्य कितना होगा?,,1730,1760,1301,931,A,SP=CP×(100+30)/100=1331×130/100=₹1730।,pending_review,,c1bf7327327ecfc1
IBPS_RRB_PRELIMS_BULK_4000_MCQ_HINDI(1).txt,3029,IBPS RRB Prelims,Profit & Loss,Profit & Loss,,Moderate,Hindi,क्रय मूल्य ₹878 है। 25% लाभ पर विक्रय मूल्य कितना होगा?,क्रय मूल्य ₹878 है। 25% लाभ पर विक्रय मूल्य कितना होगा?,,1097,1122,853,658,A,SP=CP×(100+25)/100=878×125/100=₹1097।,pending_review,,b4f2e75e0b5c6af4
IBPS_RRB_PRELIMS_BULK_4000_MCQ_HINDI(1).txt,3030,IBPS RRB Prelims,Profit & Loss,Profit & Loss,,Moderate,Hindi,क्रय मूल्य ₹196 है। 5% लाभ पर विक्रय मूल्य कितना होगा?,क्रय मूल्य ₹196 है। 5% लाभ पर विक्रय मूल्य कितना होगा?,,205,210,191,186,A,SP=CP×(100+5)/100=196×105/100=₹205।,pending_review,,d2fb6945b686e9fc
IBPS_RRB_PRELIMS_BULK_4000_MCQ_HINDI(1).txt,3031,IBPS RRB Prelims,Profit & Loss,Profit & Loss,,Moderate,Hindi,क्रय मूल्य ₹187 है। 20% लाभ पर विक्रय मूल्य कितना होगा?,क्रय मूल्य ₹187 है। 20% लाभ पर विक्रय मूल्य कितना होगा?,,224,244,167,149,A,SP=CP×(100+20)/100=187×120/100=₹224।,pending_review,,6a660beb7f195855
IBPS_RRB_PRELIMS_BULK_4000_MCQ_HINDI(1).txt,3032,IBPS RRB Prelims,Profit & Loss,Profit & Loss,,Moderate,Hindi,क्रय मूल्य ₹1028 है। 15% लाभ पर विक्रय मूल्य कितना होगा?,क्रय मूल्य ₹1028 है। 15% लाभ पर विक्रय मूल्य कितना होगा?,,1182,1197,1013,873,A,SP=CP×(100+15)/100=1028×115/100=₹1182।,pending_review,,eb9927d75c7ca969
IBPS_RRB_PRELIMS_BULK_4000_MCQ_HINDI(1).txt,3033,IBPS RRB Prelims,Profit & Loss,Profit & Loss,,Moderate,Hindi,क्रय मूल्य ₹161 है। 10% लाभ पर विक्रय मूल्य कितना होगा?,क्रय मूल्य ₹161 है। 10% लाभ पर विक्रय मूल्य कितना होगा?,,177,187,151,144,A,SP=CP×(100+10)/100=161×110/100=₹177।,pending_review,,b9de0c1459707e56
IBPS_RRB_PRELIMS_BULK_4000_MCQ_HINDI(1).txt,3034,IBPS RRB Prelims,Profit & Loss,Profit & Loss,,Moderate,Hindi,क्रय मूल्य ₹505 है। 15% लाभ पर विक्रय मूल्य कितना होगा?,क्रय मूल्य ₹505 है। 15% लाभ पर विक्रय मूल्य कितना होगा?,,580,595,490,429,A,SP=CP×(100+15)/100=505×115/100=₹580।,pending_review,,aa49dca31a04966d
IBPS_RRB_PRELIMS_BULK_4000_MCQ_HINDI(1).txt,3035,IBPS RRB Prelims,Profit & Loss,Profit & Loss,,Moderate,Hindi,क्रय मूल्य ₹1093 है। 15% लाभ पर विक्रय मूल्य कितना होगा?,क्रय मूल्य ₹1093 है। 15% लाभ पर विक्रय मूल्य कितना होगा?,,1256,1271,1078,929,A,SP=CP×(100+15)/100=1093×115/100=₹1256।,pending_review,,71dca677933afb24
IBPS_RRB_PRELIMS_BULK_4000_MCQ_HINDI(1).txt,3036,IBPS RRB Prelims,Profit & Loss,Profit & Loss,,Moderate,Hindi,क्रय मूल्य ₹1017 है। 5% लाभ पर विक्रय मूल्य कितना होगा?,क्रय मूल्य ₹1017 है। 5% लाभ पर विक्रय मूल्य कितना होगा?,,1067,1072,1012,966,A,SP=CP×(100+5)/100=1017×105/100=₹1067।,pending_review,,08922d7a3c64b139
IBPS_RRB_PRELIMS_BULK_4000_MCQ_HINDI(1).txt,3037,IBPS RRB Prelims,Profit & Loss,Profit & Loss,,Moderate,Hindi,क्रय मूल्य ₹1092 है। 30% लाभ पर विक्रय मूल्य कितना होगा?,क्रय मूल्य ₹1092 है। 30% लाभ पर विक्रय मूल्य कितना होगा?,,1419,1449,1062,764,A,SP=CP×(100+30)/100=1092×130/100=₹1419।,pending_review,,17156bf41bd81cd9
IBPS_RRB_PRELIMS_BULK_4000_MCQ_HINDI(1).txt,3038,IBPS RRB Prelims,Profit & Loss,Profit & Loss,,Moderate,Hindi,क्रय मूल्य ₹1068 है। 30% लाभ पर विक्रय मूल्य कितना होगा?,क्रय मूल्य ₹1068 है। 30% लाभ पर विक्रय मूल्य कितना होगा?,,1388,1418,1038,747,A,SP=CP×(100+30)/100=1068×130/100=₹1388।,pending_review,,d11b931529f3daed
IBPS_RRB_PRELIMS_BULK_4000_MCQ_HINDI(1).txt,3039,IBPS RRB Prelims,Profit & Loss,Profit & Loss,,Moderate,Hindi,क्रय मूल्य ₹395 है। 40% लाभ पर विक्रय मूल्य कितना होगा?,क्रय मूल्य ₹395 है। 40% लाभ पर विक्रय मूल्य कितना होगा?,,553,593,355,237,A,SP=CP×(100+40)/100=395×140/100=₹553।,pending_review,,b2ca0037a0a6db19
IBPS_RRB_PRELIMS_BULK_4000_MCQ_HINDI(1).txt,3040,IBPS RRB Prelims,Profit & Loss,Profit & Loss,,Moderate,Hindi,क्रय मूल्य ₹425 है। 10% लाभ पर विक्रय मूल्य कितना होगा?,क्रय मूल्य ₹425 है। 10% लाभ पर विक्रय मूल्य कितना होगा?,,467,477,415,382,A,SP=CP×(100+10)/100=425×110/100=₹467।,pending_review,,aa1bc3aceda2bbf7
IBPS_RRB_PRELIMS_BULK_4000_MCQ_HINDI(1).txt,3041,IBPS RRB Prelims,Profit & Loss,Profit & Loss,,Moderate,Hindi,क्रय मूल्य ₹1450 है। 40% लाभ पर विक्रय मूल्य कितना होगा?,क्रय मूल्य ₹1450 है। 40% लाभ पर विक्रय मूल्य कितना होगा?,,2030,2070,1410,870,A,SP=CP×(100+40)/100=1450×140/100=₹2030।,pending_review,,02d494f56fa387e7
IBPS_RRB_PRELIMS_BULK_4000_MCQ_HINDI(1).txt,3042,IBPS RRB Prelims,Profit & Loss,Profit & Loss,,Moderate,Hindi,क्रय मूल्य ₹1367 है। 10% लाभ पर विक्रय मूल्य कितना होगा?,क्रय मूल्य ₹1367 है। 10% लाभ पर विक्रय मूल्य कितना होगा?,,1503,1513,1357,1230,A,SP=CP×(100+10)/100=1367×110/100=₹1503।,pending_review,,bb7e253a93a996ea
IBPS_RRB_PRELIMS_BULK_4000_MCQ_HINDI(1).txt,3043,IBPS RRB Prelims,Profit & Loss,Profit & Loss,,Moderate,Hindi,क्रय मूल्य ₹1055 है। 30% लाभ पर विक्रय मूल्य कितना होगा?,क्रय मूल्य ₹1055 है। 30% लाभ पर विक्रय मूल्य कितना होगा?,,1371,1401,1025,738,A,SP=CP×(100+30)/100=1055×130/100=₹1371।,pending_review,,7450c38eb0b1a9d5
IBPS_RRB_PRELIMS_BULK_4000_MCQ_HINDI(1).txt,3044,IBPS RRB Prelims,Profit & Loss,Profit & Loss,,Moderate,Hindi,क्रय मूल्य ₹296 है। 15% लाभ पर विक्रय मूल्य कितना होगा?,क्रय मूल्य ₹296 है। 15% लाभ पर विक्रय मूल्य कितना होगा?,,340,355,281,251,A,SP=CP×(100+15)/100=296×115/100=₹340।,pending_review,,ab1c3d1bd6c48231
IBPS_RRB_PRELIMS_BULK_4000_MCQ_HINDI(1).txt,3045,IBPS RRB Prelims,Profit & Loss,Profit & Loss,,Moderate,Hindi,क्रय मूल्य ₹1146 है। 40% लाभ पर विक्रय मूल्य कितना होगा?,क्रय मूल्य ₹1146 है। 40% लाभ पर विक्रय मूल्य कितना होगा?,,1604,1644,1106,687,A,SP=CP×(100+40)/100=1146×140/100=₹1604।,pending_review,,4aa290851f8ad334
IBPS_RRB_PRELIMS_BULK_4000_MCQ_HINDI(1).txt,3046,IBPS RRB Prelims,Profit & Loss,Profit & Loss,,Moderate,Hindi,क्रय मूल्य ₹201 है। 40% लाभ पर विक्रय मूल्य कितना होगा?,क्रय मूल्य ₹201 है। 40% लाभ पर विक्रय मूल्य कितना होगा?,,281,321,161,120,A,SP=CP×(100+40)/100=201×140/100=₹281।,pending_review,,502102b5a8ac2e47
IBPS_RRB_PRELIMS_BULK_4000_MCQ_HINDI(1).txt,3047,IBPS RRB Prelims,Profit & Loss,Profit & Loss,,Moderate,Hindi,क्रय मूल्य ₹1234 है। 20% लाभ पर विक्रय मूल्य कितना होगा?,क्रय मूल्य ₹1234 है। 20% लाभ पर विक्रय मूल्य कितना होगा?,,1480,1500,1214,987,A,SP=CP×(100+20)/100=1234×120/100=₹1480।,pending_review,,9f245a575887b615
IBPS_RRB_PRELIMS_BULK_4000_MCQ_HINDI(1).txt,3048,IBPS RRB Prelims,Profit & Loss,Profit & Loss,,Moderate,Hindi,क्रय मूल्य ₹337 है। 30% लाभ पर विक्रय मूल्य कितना होगा?,क्रय मूल्य ₹337 है। 30% लाभ पर विक्रय मूल्य कितना होगा?,,438,468,307,235,A,SP=CP×(100+30)/100=337×130/100=₹438।,pending_review,,7f819ab35f21fe32
IBPS_RRB_PRELIMS_BULK_4000_MCQ_HINDI(1).txt,3049,IBPS RRB Prelims,Profit & Loss,Profit & Loss,,Moderate,Hindi,क्रय मूल्य ₹652 है। 40% लाभ पर विक्रय मूल्य कितना होगा?,क्रय मूल्य ₹652 है। 40% लाभ पर विक्रय मूल्य कितना होगा?,,912,952,612,391,A,SP=CP×(100+40)/100=652×140/100=₹912।,pending_review,,71680bc2191e0c27
IBPS_RRB_PRELIMS_BULK_4000_MCQ_HINDI(1).txt,3050,IBPS RRB Prelims,Profit & Loss,Profit & Loss,,Moderate,Hindi,क्रय मूल्य ₹378 है। 20% लाभ पर विक्रय मूल्य कितना होगा?,क्रय मूल्य ₹378 है। 20% लाभ पर विक्रय मूल्य कितना होगा?,,453,473,358,302,A,SP=CP×(100+20)/100=378×120/100=₹453।,pending_review,,98bdd4a5603f63f3
IBPS_RRB_PRELIMS_BULK_4000_MCQ_HINDI(1).txt,3051,IBPS RRB Prelims,Profit & Loss,Profit & Loss,,Moderate,Hindi,क्रय मूल्य ₹1203 है। 40% लाभ पर विक्रय मूल्य कितना होगा?,क्रय मूल्य ₹1203 है। 40% लाभ पर विक्रय मूल्य कितना होगा?,,1684,1724,1163,721,A,SP=CP×(100+40)/100=1203×140/100=₹1684।,pending_review,,ce14e341847d945f
IBPS_RRB_PRELIMS_BULK_4000_MCQ_HINDI(1).txt,3052,IBPS RRB Prelims,Profit & Loss,Profit & Loss,,Moderate,Hindi,क्रय मूल्य ₹1448 है। 10% लाभ पर विक्रय मूल्य कितना होगा?,क्रय मूल्य ₹1448 है। 10% लाभ पर विक्रय मूल्य कितना होगा?,,1592,1602,1438,1303,A,SP=CP×(100+10)/100=1448×110/100=₹1592।,pending_review,,d03d64cc75017d9c
IBPS_RRB_PRELIMS_BULK_4000_MCQ_HINDI(1).txt,3053,IBPS RRB Prelims,Profit & Loss,Profit & Loss,,Moderate,Hindi,क्रय मूल्य ₹951 है। 15% लाभ पर विक्रय मूल्य कितना होगा?,क्रय मूल्य ₹951 है। 15% लाभ पर विक्रय मूल्य कितना होगा?,,1093,1108,936,808,A,SP=CP×(100+15)/100=951×115/100=₹1093।,pending_review,,d644b32e6d965ec0
IBPS_RRB_PRELIMS_BULK_4000_MCQ_HINDI(1).txt,3054,IBPS RRB Prelims,Profit & Loss,Profit & Loss,,Moderate,Hindi,क्रय मूल्य ₹1163 है। 15% लाभ पर विक्रय मूल्य कितना होगा?,क्रय मूल्य ₹1163 है। 15% लाभ पर विक्रय मूल्य कितना होगा?,,1337,1352,1148,988,A,SP=CP×(100+15)/100=1163×115/100=₹1337।,pending_review,,6b834f8c973e7bd5
IBPS_RRB_PRELIMS_BULK_4000_MCQ_HINDI(1).txt,3055,IBPS RRB Prelims,Profit & Loss,Profit & Loss,,Moderate,Hindi,क्रय मूल्य ₹1409 है। 40% लाभ पर विक्रय मूल्य कितना होगा?,क्रय मूल्य ₹1409 है। 40% लाभ पर विक्रय मूल्य कितना होगा?,,1972,2012,1369,845,A,SP=CP×(100+40)/100=1409×140/100=₹1972।,pending_review,,35b567d0fe70f6dd
IBPS_RRB_PRELIMS_BULK_4000_MCQ_HINDI(1).txt,3056,IBPS RRB Prelims,Profit & Loss,Profit & Loss,,Moderate,Hindi,क्रय मूल्य ₹807 है। 20% लाभ पर विक्रय मूल्य कितना होगा?,क्रय मूल्य ₹807 है। 20% लाभ पर विक्रय मूल्य कितना होगा?,,968,988,787,645,A,SP=CP×(100+20)/100=807×120/100=₹968।,pending_review,,e6df524843466ce5
IBPS_RRB_PRELIMS_BULK_4000_MCQ_HINDI(1).txt,3057,IBPS RRB Prelims,Profit & Loss,Profit & Loss,,Moderate,Hindi,क्रय मूल्य ₹573 है। 30% लाभ पर विक्रय मूल्य कितना होगा?,क्रय मूल्य ₹573 है। 30% लाभ पर विक्रय मूल्य कितना होगा?,,744,774,543,401,A,SP=CP×(100+30)/100=573×130/100=₹744।,pending_review,,027bd8f988ea9be1
IBPS_RRB_PRELIMS_BULK_4000_MCQ_HINDI(1).txt,3058,IBPS RRB Prelims,Profit & Loss,Profit & Loss,,Moderate,Hindi,क्रय मूल्य ₹167 है। 15% लाभ पर विक्रय मूल्य कितना होगा?,क्रय मूल्य ₹167 है। 15% लाभ पर विक्रय मूल्य कितना होगा?,,192,207,152,141,A,SP=CP×(100+15)/100=167×115/100=₹192।,pending_review,,c72288cbb3992c22
IBPS_RRB_PRELIMS_BULK_4000_MCQ_HINDI(1).txt,3059,IBPS RRB Prelims,Profit & Loss,Profit & Loss,,Moderate,Hindi,क्रय मूल्य ₹307 है। 25% लाभ पर विक्रय मूल्य कितना होगा?,क्रय मूल्य ₹307 है। 25% लाभ पर विक्रय मूल्य कितना होगा?,,383,408,282,230,A,SP=CP×(100+25)/100=307×125/100=₹383।,pending_review,,b89b683521629a2d
IBPS_RRB_PRELIMS_BULK_4000_MCQ_HINDI(1).txt,3060,IBPS RRB Prelims,Profit & Loss,Profit & Loss,,Moderate,Hindi,क्रय मूल्य ₹1163 है। 40% लाभ पर विक्रय मूल्य कितना होगा?,क्रय मूल्य ₹1163 है। 40% लाभ पर विक्रय मूल्य कितना होगा?,,1628,1668,1123,697,A,SP=CP×(100+40)/100=1163×140/100=₹1628।,pending_review,,21f4c9de59be6523
IBPS_RRB_PRELIMS_BULK_4000_MCQ_HINDI(1).txt,3061,IBPS RRB Prelims,Profit & Loss,Profit & Loss,,Moderate,Hindi,क्रय मूल्य ₹1114 है। 25% लाभ पर विक्रय मूल्य कितना होगा?,क्रय मूल्य ₹1114 है। 25% लाभ पर विक्रय मूल्य कितना होगा?,,1392,1417,1089,835,A,SP=CP×(100+25)/100=1114×125/100=₹1392।,pending_review,,df254a66bb9e9811
IBPS_RRB_PRELIMS_BULK_4000_MCQ_HINDI(1).txt,3062,IBPS RRB Prelims,Profit & Loss,Profit & Loss,,Moderate,Hindi,क्रय मूल्य ₹776 है। 25% लाभ पर विक्रय मूल्य कितना होगा?,क्रय मूल्य ₹776 है। 25% लाभ पर विक्रय मूल्य कितना होगा?,,970,995,751,582,A,SP=CP×(100+25)/100=776×125/100=₹970।,pending_review,,76c3698f3e1ac1f4
IBPS_RRB_PRELIMS_BULK_4000_MCQ_HINDI(1).txt,3063,IBPS RRB Prelims,Profit & Loss,Profit & Loss,,Moderate,Hindi,क्रय मूल्य ₹1216 है। 25% लाभ पर विक्रय मूल्य कितना होगा?,क्रय मूल्य ₹1216 है। 25% लाभ पर विक्रय मूल्य कितना होगा?,,1520,1545,1191,912,A,SP=CP×(100+25)/100=1216×125/100=₹1520।,pending_review,,bc2dabcbd2bfe17a
IBPS_RRB_PRELIMS_BULK_4000_MCQ_HINDI(1).txt,3064,IBPS RRB Prelims,Profit & Loss,Profit & Loss,,Moderate,Hindi,क्रय मूल्य ₹929 है। 5% लाभ पर विक्रय मूल्य कितना होगा?,क्रय मूल्य ₹929 है। 5% लाभ पर विक्रय मूल्य कितना होगा?,,975,980,924,882,A,SP=CP×(100+5)/100=929×105/100=₹975।,pending_review,,ec45afff2057afdc
IBPS_RRB_PRELIMS_BULK_4000_MCQ_HINDI(1).txt,3065,IBPS RRB Prelims,Profit & Loss,Profit & Loss,,Moderate,Hindi,क्रय मूल्य ₹905 है। 25% लाभ पर विक्रय मूल्य कितना होगा?,क्रय मूल्य ₹905 है। 25% लाभ पर विक्रय मूल्य कितना होगा?,,1131,1156,880,678,A,SP=CP×(100+25)/100=905×125/100=₹1131।,pending_review,,5cb9fec456c2e360
IBPS_RRB_PRELIMS_BULK_4000_MCQ_HINDI(1).txt,3066,IBPS RRB Prelims,Profit & Loss,Profit & Loss,,Moderate,Hindi,क्रय मूल्य ₹360 है। 30% लाभ पर विक्रय मूल्य कितना होगा?,क्रय मूल्य ₹360 है। 30% लाभ पर विक्रय मूल्य कितना होगा?,,468,498,330,252,A,SP=CP×(100+30)/100=360×130/100=₹468।,pending_review,,3c76dae111b639be
IBPS_RRB_PRELIMS_BULK_4000_MCQ_HINDI(1).txt,3067,IBPS RRB Prelims,Profit & Loss,Profit & Loss,,Moderate,Hindi,क्रय मूल्य ₹583 है। 30% लाभ पर विक्रय मूल्य कितना होगा?,क्रय मूल्य ₹583 है। 30% लाभ पर विक्रय मूल्य कितना होगा?,,757,787,553,408,A,SP=CP×(100+30)/100=583×130/100=₹757।,pending_review,,e26a89d0cd047ebf
IBPS_RRB_PRELIMS_BULK_4000_MCQ_HINDI(1).txt,3068,IBPS RRB Prelims,Profit & Loss,Profit & Loss,,Moderate,Hindi,क्रय मूल्य ₹172 है। 20% लाभ पर विक्रय मूल्य कितना होगा?,क्रय मूल्य ₹172 है। 20% लाभ पर विक्रय मूल्य कितना होगा?,,206,226,152,137,A,SP=CP×(100+20)/100=172×120/100=₹206।,pending_review,,70353ca47db4957e
IBPS_RRB_PRELIMS_BULK_4000_MCQ_HINDI(1).txt,3069,IBPS RRB Prelims,Profit & Loss,Profit & Loss,,Moderate,Hindi,क्रय मूल्य ₹582 है। 40% लाभ पर विक्रय मूल्य कितना होगा?,क्रय मूल्य ₹582 है। 40% लाभ पर विक्रय मूल्य कितना होगा?,,814,854,542,349,A,SP=CP×(100+40)/100=582×140/100=₹814।,pending_review,,507f211bf61d2edd
IBPS_RRB_PRELIMS_BULK_4000_MCQ_HINDI(1).txt,3070,IBPS RRB Prelims,Profit & Loss,Profit & Loss,,Moderate,Hindi,क्रय मूल्य ₹222 है। 20% लाभ पर विक्रय मूल्य कितना होगा?,क्रय मूल्य ₹222 है। 20% लाभ पर विक्रय मूल्य कितना होगा?,,266,286,202,177,A,SP=CP×(100+20)/100=222×120/100=₹266।,pending_review,,c2b855ce89e7b0a6
IBPS_RRB_PRELIMS_BULK_4000_MCQ_HINDI(1).txt,3071,IBPS RRB Prelims,Profit & Loss,Profit & Loss,,Moderate,Hindi,क्रय मूल्य ₹1199 है। 30% लाभ पर विक्रय मूल्य कितना होगा?,क्रय मूल्य ₹1199 है। 30% लाभ पर विक्रय मूल्य कितना होगा?,,1558,1588,1169,839,A,SP=CP×(100+30)/100=1199×130/100=₹1558।,pending_review,,e515c7a4cf0467a2
IBPS_RRB_PRELIMS_BULK_4000_MCQ_HINDI(1).txt,3072,IBPS RRB Prelims,Profit & Loss,Profit & Loss,,Moderate,Hindi,क्रय मूल्य ₹922 है। 25% लाभ पर विक्रय मूल्य कितना होगा?,क्रय मूल्य ₹922 है। 25% लाभ पर विक्रय मूल्य कितना होगा?,,1152,1177,897,691,A,SP=CP×(100+25)/100=922×125/100=₹1152।,pending_review,,f6b7ca6d7ac28d33
IBPS_RRB_PRELIMS_BULK_4000_MCQ_HINDI(1).txt,3073,IBPS RRB Prelims,Profit & Loss,Profit & Loss,,Moderate,Hindi,क्रय मूल्य ₹1075 है। 10% लाभ पर विक्रय मूल्य कितना होगा?,क्रय मूल्य ₹1075 है। 10% लाभ पर विक्रय मूल्य कितना होगा?,,1182,1192,1065,967,A,SP=CP×(100+10)/100=1075×110/100=₹1182।,pending_review,,16387ad62134781e
IBPS_RRB_PRELIMS_BULK_4000_MCQ_HINDI(1).txt,3074,IBPS RRB Prelims,Profit & Loss,Profit & Loss,,Moderate,Hindi,क्रय मूल्य ₹388 है। 40% लाभ पर विक्रय मूल्य कितना होगा?,क्रय मूल्य ₹388 है। 40% लाभ पर विक्रय मूल्य कितना होगा?,,543,583,348,232,A,SP=CP×(100+40)/100=388×140/100=₹543।,pending_review,,5cf36161a6a90752
IBPS_RRB_PRELIMS_BULK_4000_MCQ_HINDI(1).txt,3075,IBPS RRB Prelims,Profit & Loss,Profit & Loss,,Moderate,Hindi,क्रय मूल्य ₹1304 है। 25% लाभ पर विक्रय मूल्य कितना होगा?,क्रय मूल्य ₹1304 है। 25% लाभ पर विक्रय मूल्य कितना होगा?,,1630,1655,1279,978,A,SP=CP×(100+25)/100=1304×125/100=₹1630।,pending_review,,0aa1c2fbe9907768
IBPS_RRB_PRELIMS_BULK_4000_MCQ_HINDI(1).txt,3077,IBPS RRB Prelims,Profit & Loss,Profit & Loss,,Moderate,Hindi,क्रय मूल्य ₹1286 है। 10% लाभ पर विक्रय मूल्य कितना होगा?,क्रय मूल्य ₹1286 है। 10% लाभ पर विक्रय मूल्य कितना होगा?,,1414,1424,1276,1157,A,SP=CP×(100+10)/100=1286×110/100=₹1414।,pending_review,,5f87980cdb3e2701
IBPS_RRB_PRELIMS_BULK_4000_MCQ_HINDI(1).txt,3078,IBPS RRB Prelims,Profit & Loss,Profit & Loss,,Moderate,Hindi,क्रय मूल्य ₹546 है। 20% लाभ पर विक्रय मूल्य कितना होगा?,क्रय मूल्य ₹546 है। 20% लाभ पर विक्रय मूल्य कितना होगा?,,655,675,526,436,A,SP=CP×(100+20)/100=546×120/100=₹655।,pending_review,,e265d4a6b688df37
IBPS_RRB_PRELIMS_BULK_4000_MCQ_HINDI(1).txt,3079,IBPS RRB Prelims,Profit & Loss,Profit & Loss,,Moderate,Hindi,क्रय मूल्य ₹440 है। 15% लाभ पर विक्रय मूल्य कितना होगा?,क्रय मूल्य ₹440 है। 15% लाभ पर विक्रय मूल्य कितना होगा?,,506,521,425,374,A,SP=CP×(100+15)/100=440×115/100=₹506।,pending_review,,462dc0c22662fc8f
IBPS_RRB_PRELIMS_BULK_4000_MCQ_HINDI(1).txt,3080,IBPS RRB Prelims,Profit & Loss,Profit & Loss,,Moderate,Hindi,क्रय मूल्य ₹121 है। 30% लाभ पर विक्रय मूल्य कितना होगा?,क्रय मूल्य ₹121 है। 30% लाभ पर विक्रय मूल्य कितना होगा?,,157,187,91,84,A,SP=CP×(100+30)/100=121×130/100=₹157।,pending_review,,7299662bacf3b5fb
IBPS_RRB_PRELIMS_BULK_4000_MCQ_HINDI(1).txt,3081,IBPS RRB Prelims,Profit & Loss,Profit & Loss,,Moderate,Hindi,क्रय मूल्य ₹838 है। 15% लाभ पर विक्रय मूल्य कितना होगा?,क्रय मूल्य ₹838 है। 15% लाभ पर विक्रय मूल्य कितना होगा?,,963,978,823,712,A,SP=CP×(100+15)/100=838×115/100=₹963।,pending_review,,bb30827135bca890
IBPS_RRB_PRELIMS_BULK_4000_MCQ_HINDI(1).txt,3082,IBPS RRB Prelims,Profit & Loss,Profit & Loss,,Moderate,Hindi,क्रय मूल्य ₹1053 है। 10% लाभ पर विक्रय मूल्य कितना होगा?,क्रय मूल्य ₹1053 है। 10% लाभ पर विक्रय मूल्य कितना होगा?,,1158,1168,1043,947,A,SP=CP×(100+10)/100=1053×110/100=₹1158।,pending_review,,f74a912d55249e00
IBPS_RRB_PRELIMS_BULK_4000_MCQ_HINDI(1).txt,3083,IBPS RRB Prelims,Profit & Loss,Profit & Loss,,Moderate,Hindi,क्रय मूल्य ₹1380 है। 10% लाभ पर विक्रय मूल्य कितना होगा?,क्रय मूल्य ₹1380 है। 10% लाभ पर विक्रय मूल्य कितना होगा?,,1518,1528,1370,1242,A,SP=CP×(100+10)/100=1380×110/100=₹1518।,pending_review,,8edcbe93510e0839
IBPS_RRB_PRELIMS_BULK_4000_MCQ_HINDI(1).txt,3084,IBPS RRB Prelims,Profit & Loss,Profit & Loss,,Moderate,Hindi,क्रय मूल्य ₹278 है। 5% लाभ पर विक्रय मूल्य कितना होगा?,क्रय मूल्य ₹278 है। 5% लाभ पर विक्रय मूल्य कितना होगा?,,291,296,273,264,A,SP=CP×(100+5)/100=278×105/100=₹291।,pending_review,,135bb4bce98268e4
IBPS_RRB_PRELIMS_BULK_4000_MCQ_HINDI(1).txt,3085,IBPS RRB Prelims,Profit & Loss,Profit & Loss,,Moderate,Hindi,क्रय मूल्य ₹1048 है। 10% लाभ पर विक्रय मूल्य कितना होगा?,क्रय मूल्य ₹1048 है। 10% लाभ पर विक्रय मूल्य कितना होगा?,,1152,1162,1038,943,A,SP=CP×(100+10)/100=1048×110/100=₹1152।,pending_review,,f4f3a0417d0755fd
IBPS_RRB_PRELIMS_BULK_4000_MCQ_HINDI(1).txt,3086,IBPS RRB Prelims,Profit & Loss,Profit & Loss,,Moderate,Hindi,क्रय मूल्य ₹799 है। 25% लाभ पर विक्रय मूल्य कितना होगा?,क्रय मूल्य ₹799 है। 25% लाभ पर विक्रय मूल्य कितना होगा?,,998,1023,774,599,A,SP=CP×(100+25)/100=799×125/100=₹998।,pending_review,,e308da3fb2be41a9
IBPS_RRB_PRELIMS_BULK_4000_MCQ_HINDI(1).txt,3087,IBPS RRB Prelims,Profit & Loss,Profit & Loss,,Moderate,Hindi,क्रय मूल्य ₹552 है। 30% लाभ पर विक्रय मूल्य कितना होगा?,क्रय मूल्य ₹552 है। 30% लाभ पर विक्रय मूल्य कितना होगा?,,717,747,522,386,A,SP=CP×(100+30)/100=552×130/100=₹717।,pending_review,,4bdc4da637dae804
IBPS_RRB_PRELIMS_BULK_4000_MCQ_HINDI(1).txt,3088,IBPS RRB Prelims,Profit & Loss,Profit & Loss,,Moderate,Hindi,क्रय मूल्य ₹651 है। 30% लाभ पर विक्रय मूल्य कितना होगा?,क्रय मूल्य ₹651 है। 30% लाभ पर विक्रय मूल्य कितना होगा?,,846,876,621,455,A,SP=CP×(100+30)/100=651×130/100=₹846।,pending_review,,179d516580f0c7eb
IBPS_RRB_PRELIMS_BULK_4000_MCQ_HINDI(1).txt,3089,IBPS RRB Prelims,Profit & Loss,Profit & Loss,,Moderate,Hindi,क्रय मूल्य ₹1346 है। 5% लाभ पर विक्रय मूल्य कितना होगा?,क्रय मूल्य ₹1346 है। 5% लाभ पर विक्रय मूल्य कितना होगा?,,1413,1418,1341,1278,A,SP=CP×(100+5)/100=1346×105/100=₹1413।,pending_review,,6c57a5a3828d55a5
IBPS_RRB_PRELIMS_BULK_4000_MCQ_HINDI(1).txt,3090,IBPS RRB Prelims,Profit & Loss,Profit & Loss,,Moderate,Hindi,क्रय मूल्य ₹859 है। 15% लाभ पर विक्रय मूल्य कितना होगा?,क्रय मूल्य ₹859 है। 15% लाभ पर विक्रय मूल्य कितना होगा?,,987,1002,844,730,A,SP=CP×(100+15)/100=859×115/100=₹987।,pending_review,,bc727295a81e14f4
IBPS_RRB_PRELIMS_BULK_4000_MCQ_HINDI(1).txt,3091,IBPS RRB Prelims,Profit & Loss,Profit & Loss,,Moderate,Hindi,क्रय मूल्य ₹670 है। 40% लाभ पर विक्रय मूल्य कितना होगा?,क्रय मूल्य ₹670 है। 40% लाभ पर विक्रय मूल्य कितना होगा?,,938,978,630,402,A,SP=CP×(100+40)/100=670×140/100=₹938।,pending_review,,ed4e95e9e603e115
IBPS_RRB_PRELIMS_BULK_4000_MCQ_HINDI(1).txt,3092,IBPS RRB Prelims,Profit & Loss,Profit & Loss,,Moderate,Hindi,क्रय मूल्य ₹572 है। 30% लाभ पर विक्रय मूल्य कितना होगा?,क्रय मूल्य ₹572 है। 30% लाभ पर विक्रय मूल्य कितना होगा?,,743,773,542,400,A,SP=CP×(100+30)/100=572×130/100=₹743।,pending_review,,14da7b2ea618bfca
IBPS_RRB_PRELIMS_BULK_4000_MCQ_HINDI(1).txt,3093,IBPS RRB Prelims,Profit & Loss,Profit & Loss,,Moderate,Hindi,क्रय मूल्य ₹795 है। 30% लाभ पर विक्रय मूल्य कितना होगा?,क्रय मूल्य ₹795 है। 30% लाभ पर विक्रय मूल्य कितना होगा?,,1033,1063,765,556,A,SP=CP×(100+30)/100=795×130/100=₹1033।,pending_review,,4aae4e6d75e4ba52
IBPS_RRB_PRELIMS_BULK_4000_MCQ_HINDI(1).txt,3094,IBPS RRB Prelims,Profit & Loss,Profit & Loss,,Moderate,Hindi,क्रय मूल्य ₹1458 है। 20% लाभ पर विक्रय मूल्य कितना होगा?,क्रय मूल्य ₹1458 है। 20% लाभ पर विक्रय मूल्य कितना होगा?,,1749,1769,1438,1166,A,SP=CP×(100+20)/100=1458×120/100=₹1749।,pending_review,,68c6f02d5a9929f2
IBPS_RRB_PRELIMS_BULK_4000_MCQ_HINDI(1).txt,3095,IBPS RRB Prelims,Profit & Loss,Profit & Loss,,Moderate,Hindi,क्रय मूल्य ₹155 है। 5% लाभ पर विक्रय मूल्य कितना होगा?,क्रय मूल्य ₹155 है। 5% लाभ पर विक्रय मूल्य कितना होगा?,,162,167,150,147,A,SP=CP×(100+5)/100=155×105/100=₹162।,pending_review,,113f256b9cbd3604
IBPS_RRB_PRELIMS_BULK_4000_MCQ_HINDI(1).txt,3096,IBPS RRB Prelims,Profit & Loss,Profit & Loss,,Moderate,Hindi,क्रय मूल्य ₹145 है। 5% लाभ पर विक्रय मूल्य कितना होगा?,क्रय मूल्य ₹145 है। 5% लाभ पर विक्रय मूल्य कितना होगा?,,152,157,140,137,A,SP=CP×(100+5)/100=145×105/100=₹152।,pending_review,,b62dcdbe18b417ed
IBPS_RRB_PRELIMS_BULK_4000_MCQ_HINDI(1).txt,3097,IBPS RRB Prelims,Profit & Loss,Profit & Loss,,Moderate,Hindi,क्रय मूल्य ₹773 है। 25% लाभ पर विक्रय मूल्य कितना होगा?,क्रय मूल्य ₹773 है। 25% लाभ पर विक्रय मूल्य कितना होगा?,,966,991,748,579,A,SP=CP×(100+25)/100=773×125/100=₹966।,pending_review,,e0ee4dd17bf065a5
IBPS_RRB_PRELIMS_BULK_4000_MCQ_HINDI(1).txt,3098,IBPS RRB Prelims,Profit & Loss,Profit & Loss,,Moderate,Hindi,क्रय मूल्य ₹681 है। 5% लाभ पर विक्रय मूल्य कितना होगा?,क्रय मूल्य ₹681 है। 5% लाभ पर विक्रय मूल्य कितना होगा?,,715,720,676,646,A,SP=CP×(100+5)/100=681×105/100=₹715।,pending_review,,cff2e7a6cb768d60
IBPS_RRB_PRELIMS_BULK_4000_MCQ_HINDI(1).txt,3099,IBPS RRB Prelims,Profit & Loss,Profit & Loss,,Moderate,Hindi,क्रय मूल्य ₹1016 है। 40% लाभ पर विक्रय मूल्य कितना होगा?,क्रय मूल्य ₹1016 है। 40% लाभ पर विक्रय मूल्य कितना होगा?,,1422,1462,976,609,A,SP=CP×(100+40)/100=1016×140/100=₹1422।,pending_review,,f5a628c87e0449f2
IBPS_RRB_PRELIMS_BULK_4000_MCQ_HINDI(1).txt,3101,IBPS RRB Prelims,Profit & Loss,Profit & Loss,,Moderate,Hindi,क्रय मूल्य ₹1096 है। 40% लाभ पर विक्रय मूल्य कितना होगा?,क्रय मूल्य ₹1096 है। 40% लाभ पर विक्रय मूल्य कितना होगा?,,1534,1574,1056,657,A,SP=CP×(100+40)/100=1096×140/100=₹1534।,pending_review,,44c652ffcb770751
IBPS_RRB_PRELIMS_BULK_4000_MCQ_HINDI(1).txt,3102,IBPS RRB Prelims,Profit & Loss,Profit & Loss,,Moderate,Hindi,क्रय मूल्य ₹241 है। 15% लाभ पर विक्रय मूल्य कितना होगा?,क्रय मूल्य ₹241 है। 15% लाभ पर विक्रय मूल्य कितना होगा?,,277,292,226,204,A,SP=CP×(100+15)/100=241×115/100=₹277।,pending_review,,a451bd006ab2cc52
IBPS_RRB_PRELIMS_BULK_4000_MCQ_HINDI(1).txt,3103,IBPS RRB Prelims,Profit & Loss,Profit & Loss,,Moderate,Hindi,क्रय मूल्य ₹159 है। 5% लाभ पर विक्रय मूल्य कितना होगा?,क्रय मूल्य ₹159 है। 5% लाभ पर विक्रय मूल्य कितना होगा?,,166,171,154,151,A,SP=CP×(100+5)/100=159×105/100=₹166।,pending_review,,8819d2ef0896a8bd
IBPS_RRB_PRELIMS_BULK_4000_MCQ_HINDI(1).txt,3104,IBPS RRB Prelims,Profit & Loss,Profit & Loss,,Moderate,Hindi,क्रय मूल्य ₹291 है। 40% लाभ पर विक्रय मूल्य कितना होगा?,क्रय मूल्य ₹291 है। 40% लाभ पर विक्रय मूल्य कितना होगा?,,407,447,251,174,A,SP=CP×(100+40)/100=291×140/100=₹407।,pending_review,,5ef69cde1848a657
IBPS_RRB_PRELIMS_BULK_4000_MCQ_HINDI(1).txt,3105,IBPS RRB Prelims,Profit & Loss,Profit & Loss,,Moderate,Hindi,क्रय मूल्य ₹115 है। 15% लाभ पर विक्रय मूल्य कितना होगा?,क्रय मूल्य ₹115 है। 15% लाभ पर विक्रय मूल्य कितना होगा?,,132,147,100,97,A,SP=CP×(100+15)/100=115×115/100=₹132।,pending_review,,bec1bb83c2a5010f
IBPS_RRB_PRELIMS_BULK_4000_MCQ_HINDI(1).txt,3106,IBPS RRB Prelims,Profit & Loss,Profit & Loss,,Moderate,Hindi,क्रय मूल्य ₹170 है। 10% लाभ पर विक्रय मूल्य कितना होगा?,क्रय मूल्य ₹170 है। 10% लाभ पर विक्रय मूल्य कितना होगा?,,187,197,160,153,A,SP=CP×(100+10)/100=170×110/100=₹187।,pending_review,,7b43d29993b0d524
IBPS_RRB_PRELIMS_BULK_4000_MCQ_HINDI(1).txt,3107,IBPS RRB Prelims,Profit & Loss,Profit & Loss,,Moderate,Hindi,क्रय मूल्य ₹500 है। 40% लाभ पर विक्रय मूल्य कितना होगा?,क्रय मूल्य ₹500 है। 40% लाभ पर विक्रय मूल्य कितना होगा?,,700,740,460,300,A,SP=CP×(100+40)/100=500×140/100=₹700।,pending_review,,8fddda0378800ed4
IBPS_RRB_PRELIMS_BULK_4000_MCQ_HINDI(1).txt,3108,IBPS RRB Prelims,Profit & Loss,Profit & Loss,,Moderate,Hindi,क्रय मूल्य ₹1110 है। 25% लाभ पर विक्रय मूल्य कितना होगा?,क्रय मूल्य ₹1110 है। 25% लाभ पर विक्रय मूल्य कितना होगा?,,1387,1412,1085,832,A,SP=CP×(100+25)/100=1110×125/100=₹1387।,pending_review,,f27900fb88900866
IBPS_RRB_PRELIMS_BULK_4000_MCQ_HINDI(1).txt,3109,IBPS RRB Prelims,Profit & Loss,Profit & Loss,,Moderate,Hindi,क्रय मूल्य ₹720 है। 15% लाभ पर विक्रय मूल्य कितना होगा?,क्रय मूल्य ₹720 है। 15% लाभ पर विक्रय मूल्य कितना होगा?,,828,843,705,612,A,SP=CP×(100+15)/100=720×115/100=₹828।,pending_review,,98aff2dd719848c2
IBPS_RRB_PRELIMS_BULK_4000_MCQ_HINDI(1).txt,3110,IBPS RRB Prelims,Profit & Loss,Profit & Loss,,Moderate,Hindi,क्रय मूल्य ₹1341 है। 30% लाभ पर विक्रय मूल्य कितना होगा?,क्रय मूल्य ₹1341 है। 30% लाभ पर विक्रय मूल्य कितना होगा?,,1743,1773,1311,938,A,SP=CP×(100+30)/100=1341×130/100=₹1743।,pending_review,,610a4d0da68cd55b
IBPS_RRB_PRELIMS_BULK_4000_MCQ_HINDI(1).txt,3111,IBPS RRB Prelims,Profit & Loss,Profit & Loss,,Moderate,Hindi,क्रय मूल्य ₹833 है। 5% लाभ पर विक्रय मूल्य कितना होगा?,क्रय मूल्य ₹833 है। 5% लाभ पर विक्रय मूल्य कितना होगा?,,874,879,828,791,A,SP=CP×(100+5)/100=833×105/100=₹874।,pending_review,,946a8964a5074ed8
IBPS_RRB_PRELIMS_BULK_4000_MCQ_HINDI(1).txt,3112,IBPS RRB Prelims,Profit & Loss,Profit & Loss,,Moderate,Hindi,क्रय मूल्य ₹1222 है। 15% लाभ पर विक्रय मूल्य कितना होगा?,क्रय मूल्य ₹1222 है। 15% लाभ पर विक्रय मूल्य कितना होगा?,,1405,1420,1207,1038,A,SP=CP×(100+15)/100=1222×115/100=₹1405।,pending_review,,a2b36c1ebfedae64
IBPS_RRB_PRELIMS_BULK_4000_MCQ_HINDI(1).txt,3113,IBPS RRB Prelims,Profit & Loss,Profit & Loss,,Moderate,Hindi,क्रय मूल्य ₹145 है। 40% लाभ पर विक्रय मूल्य कितना होगा?,क्रय मूल्य ₹145 है। 40% लाभ पर विक्रय मूल्य कितना होगा?,,203,243,105,87,A,SP=CP×(100+40)/100=145×140/100=₹203।,pending_review,,be8efdc18d71efbc
IBPS_RRB_PRELIMS_BULK_4000_MCQ_HINDI(1).txt,3114,IBPS RRB Prelims,Profit & Loss,Profit & Loss,,Moderate,Hindi,क्रय मूल्य ₹1000 है। 40% लाभ पर विक्रय मूल्य कितना होगा?,क्रय मूल्य ₹1000 है। 40% लाभ पर विक्रय मूल्य कितना होगा?,,1400,1440,960,600,A,SP=CP×(100+40)/100=1000×140/100=₹1400।,pending_review,,95e8800cf9a9c6c8
IBPS_RRB_PRELIMS_BULK_4000_MCQ_HINDI(1).txt,3115,IBPS RRB Prelims,Profit & Loss,Profit & Loss,,Moderate,Hindi,क्रय मूल्य ₹594 है। 15% लाभ पर विक्रय मूल्य कितना होगा?,क्रय मूल्य ₹594 है। 15% लाभ पर विक्रय मूल्य कितना होगा?,,683,698,579,504,A,SP=CP×(100+15)/100=594×115/100=₹683।,pending_review,,1d445a81fd6056e3
IBPS_RRB_PRELIMS_BULK_4000_MCQ_HINDI(1).txt,3116,IBPS RRB Prelims,Profit & Loss,Profit & Loss,,Moderate,Hindi,क्रय मूल्य ₹1491 है। 5% लाभ पर विक्रय मूल्य कितना होगा?,क्रय मूल्य ₹1491 है। 5% लाभ पर विक्रय मूल्य कितना होगा?,,1565,1570,1486,1416,A,SP=CP×(100+5)/100=1491×105/100=₹1565।,pending_review,,1101839ad6bd83ca
IBPS_RRB_PRELIMS_BULK_4000_MCQ_HINDI(1).txt,3117,IBPS RRB Prelims,Profit & Loss,Profit & Loss,,Moderate,Hindi,क्रय मूल्य ₹375 है। 25% लाभ पर विक्रय मूल्य कितना होगा?,क्रय मूल्य ₹375 है। 25% लाभ पर विक्रय मूल्य कितना होगा?,,468,493,350,281,A,SP=CP×(100+25)/100=375×125/100=₹468।,pending_review,,adad83d73c98e614
IBPS_RRB_PRELIMS_BULK_4000_MCQ_HINDI(1).txt,3118,IBPS RRB Prelims,Profit & Loss,Profit & Loss,,Moderate,Hindi,क्रय मूल्य ₹1105 है। 25% लाभ पर विक्रय मूल्य कितना होगा?,क्रय मूल्य ₹1105 है। 25% लाभ पर विक्रय मूल्य कितना होगा?,,1381,1406,1080,828,A,SP=CP×(100+25)/100=1105×125/100=₹1381।,pending_review,,e94fef96597abd50
IBPS_RRB_PRELIMS_BULK_4000_MCQ_HINDI(1).txt,3119,IBPS RRB Prelims,Profit & Loss,Profit & Loss,,Moderate,Hindi,क्रय मूल्य ₹1373 है। 30% लाभ पर विक्रय मूल्य कितना होगा?,क्रय मूल्य ₹1373 है। 30% लाभ पर विक्रय मूल्य कितना होगा?,,1784,1814,1343,961,A,SP=CP×(100+30)/100=1373×130/100=₹1784।,pending_review,,16a53694a5bd57c5
IBPS_RRB_PRELIMS_BULK_4000_MCQ_HINDI(1).txt,3120,IBPS RRB Prelims,Profit & Loss,Profit & Loss,,Moderate,Hindi,क्रय मूल्य ₹862 है। 10% लाभ पर विक्रय मूल्य कितना होगा?,क्रय मूल्य ₹862 है। 10% लाभ पर विक्रय मूल्य कितना होगा?,,948,958,852,775,A,SP=CP×(100+10)/100=862×110/100=₹948।,pending_review,,890ca3ab58b76fae
IBPS_RRB_PRELIMS_BULK_4000_MCQ_HINDI(1).txt,3121,IBPS RRB Prelims,Profit & Loss,Profit & Loss,,Moderate,Hindi,क्रय मूल्य ₹1061 है। 5% लाभ पर विक्रय मूल्य कितना होगा?,क्रय मूल्य ₹1061 है। 5% लाभ पर विक्रय मूल्य कितना होगा?,,1114,1119,1056,1007,A,SP=CP×(100+5)/100=1061×105/100=₹1114।,pending_review,,09117c0c86da75a4
IBPS_RRB_PRELIMS_BULK_4000_MCQ_HINDI(1).txt,3122,IBPS RRB Prelims,Profit & Loss,Profit & Loss,,Moderate,Hindi,क्रय मूल्य ₹825 है। 5% लाभ पर विक्रय मूल्य कितना होगा?,क्रय मूल्य ₹825 है। 5% लाभ पर विक्रय मूल्य कितना होगा?,,866,871,820,783,A,SP=CP×(100+5)/100=825×105/100=₹866।,pending_review,,f66497b76a80cafc
IBPS_RRB_PRELIMS_BULK_4000_MCQ_HINDI(1).txt,3123,IBPS RRB Prelims,Profit & Loss,Profit & Loss,,Moderate,Hindi,क्रय मूल्य ₹990 है। 40% लाभ पर विक्रय मूल्य कितना होगा?,क्रय मूल्य ₹990 है। 40% लाभ पर विक्रय मूल्य कितना होगा?,,1386,1426,950,594,A,SP=CP×(100+40)/100=990×140/100=₹1386।,pending_review,,78086e93c13615f5
IBPS_RRB_PRELIMS_BULK_4000_MCQ_HINDI(1).txt,3124,IBPS RRB Prelims,Profit & Loss,Profit & Loss,,Moderate,Hindi,क्रय मूल्य ₹326 है। 20% लाभ पर विक्रय मूल्य कितना होगा?,क्रय मूल्य ₹326 है। 20% लाभ पर विक्रय मूल्य कितना होगा?,,391,411,306,260,A,SP=CP×(100+20)/100=326×120/100=₹391।,pending_review,,938abf3b6a9078e3
IBPS_RRB_PRELIMS_BULK_4000_MCQ_HINDI(1).txt,3125,IBPS RRB Prelims,Profit & Loss,Profit & Loss,,Moderate,Hindi,क्रय मूल्य ₹834 है। 40% लाभ पर विक्रय मूल्य कितना होगा?,क्रय मूल्य ₹834 है। 40% लाभ पर विक्रय मूल्य कितना होगा?,,1167,1207,794,500,A,SP=CP×(100+40)/100=834×140/100=₹1167।,pending_review,,0078224dbe65735b
IBPS_RRB_PRELIMS_BULK_4000_MCQ_HINDI(1).txt,3126,IBPS RRB Prelims,Profit & Loss,Profit & Loss,,Moderate,Hindi,क्रय मूल्य ₹1248 है। 15% लाभ पर विक्रय मूल्य कितना होगा?,क्रय मूल्य ₹1248 है। 15% लाभ पर विक्रय मूल्य कितना होगा?,,1435,1450,1233,1060,A,SP=CP×(100+15)/100=1248×115/100=₹1435।,pending_review,,6498e28bc0fddfae
IBPS_RRB_PRELIMS_BULK_4000_MCQ_HINDI(1).txt,3127,IBPS RRB Prelims,Profit & Loss,Profit & Loss,,Moderate,Hindi,क्रय मूल्य ₹646 है। 20% लाभ पर विक्रय मूल्य कितना होगा?,क्रय मूल्य ₹646 है। 20% लाभ पर विक्रय मूल्य कितना होगा?,,775,795,626,516,A,SP=CP×(100+20)/100=646×120/100=₹775।,pending_review,,b6d9ba0ecc2a137b
IBPS_RRB_PRELIMS_BULK_4000_MCQ_HINDI(1).txt,3128,IBPS RRB Prelims,Profit & Loss,Profit & Loss,,Moderate,Hindi,क्रय मूल्य ₹721 है। 30% लाभ पर विक्रय मूल्य कितना होगा?,क्रय मूल्य ₹721 है। 30% लाभ पर विक्रय मूल्य कितना होगा?,,937,967,691,504,A,SP=CP×(100+30)/100=721×130/100=₹937।,pending_review,,0f1a3149d89b8b76
IBPS_RRB_PRELIMS_BULK_4000_MCQ_HINDI(1).txt,3129,IBPS RRB Prelims,Profit & Loss,Profit & Loss,,Moderate,Hindi,क्रय मूल्य ₹239 है। 30% लाभ पर विक्रय मूल्य कितना होगा?,क्रय मूल्य ₹239 है। 30% लाभ पर विक्रय मूल्य कितना होगा?,,310,340,209,167,A,SP=CP×(100+30)/100=239×130/100=₹310।,pending_review,,5500925c968c798f
IBPS_RRB_PRELIMS_BULK_4000_MCQ_HINDI(1).txt,3130,IBPS RRB Prelims,Profit & Loss,Profit & Loss,,Moderate,Hindi,क्रय मूल्य ₹962 है। 5% लाभ पर विक्रय मूल्य कितना होगा?,क्रय मूल्य ₹962 है। 5% लाभ पर विक्रय मूल्य कितना होगा?,,1010,1015,957,913,A,SP=CP×(100+5)/100=962×105/100=₹1010।,pending_review,,2041ff456019b7b6
IBPS_RRB_PRELIMS_BULK_4000_MCQ_HINDI(1).txt,3131,IBPS RRB Prelims,Profit & Loss,Profit & Loss,,Moderate,Hindi,क्रय मूल्य ₹144 है। 5% लाभ पर विक्रय मूल्य कितना होगा?,क्रय मूल्य ₹144 है। 5% लाभ पर विक्रय मूल्य कितना होगा?,,151,156,139,136,A,SP=CP×(100+5)/100=144×105/100=₹151।,pending_review,,541cea97fdab9183
IBPS_RRB_PRELIMS_BULK_4000_MCQ_HINDI(1).txt,3132,IBPS RRB Prelims,Profit & Loss,Profit & Loss,,Moderate,Hindi,क्रय मूल्य ₹787 है। 40% लाभ पर विक्रय मूल्य कितना होगा?,क्रय मूल्य ₹787 है। 40% लाभ पर विक्रय मूल्य कितना होगा?,,1101,1141,747,472,A,SP=CP×(100+40)/100=787×140/100=₹1101।,pending_review,,ac03d9faff233a73
IBPS_RRB_PRELIMS_BULK_4000_MCQ_HINDI(1).txt,3134,IBPS RRB Prelims,Profit & Loss,Profit & Loss,,Moderate,Hindi,क्रय मूल्य ₹1483 है। 30% लाभ पर विक्रय मूल्य कितना होगा?,क्रय मूल्य ₹1483 है। 30% लाभ पर विक्रय मूल्य कितना होगा?,,1927,1957,1453,1038,A,SP=CP×(100+30)/100=1483×130/100=₹1927।,pending_review,,4749f3596f0929fe
IBPS_RRB_PRELIMS_BULK_4000_MCQ_HINDI(1).txt,3135,IBPS RRB Prelims,Profit & Loss,Profit & Loss,,Moderate,Hindi,क्रय मूल्य ₹852 है। 40% लाभ पर विक्रय मूल्य कितना होगा?,क्रय मूल्य ₹852 है। 40% लाभ पर विक्रय मूल्य कितना होगा?,,1192,1232,812,511,A,SP=CP×(100+40)/100=852×140/100=₹1192।,pending_review,,6dc61ada8ce7e2e2
IBPS_RRB_PRELIMS_BULK_4000_MCQ_HINDI(1).txt,3136,IBPS RRB Prelims,Profit & Loss,Profit & Loss,,Moderate,Hindi,क्रय मूल्य ₹515 है। 20% लाभ पर विक्रय मूल्य कितना होगा?,क्रय मूल्य ₹515 है। 20% लाभ पर विक्रय मूल्य कितना होगा?,,618,638,495,412,A,SP=CP×(100+20)/100=515×120/100=₹618।,pending_review,,717a20c1bc43e85d
IBPS_RRB_PRELIMS_BULK_4000_MCQ_HINDI(1).txt,3137,IBPS RRB Prelims,Profit & Loss,Profit & Loss,,Moderate,Hindi,क्रय मूल्य ₹1106 है। 5% लाभ पर विक्रय मूल्य कितना होगा?,क्रय मूल्य ₹1106 है। 5% लाभ पर विक्रय मूल्य कितना होगा?,,1161,1166,1101,1050,A,SP=CP×(100+5)/100=1106×105/100=₹1161।,pending_review,,002413019e92b975
IBPS_RRB_PRELIMS_BULK_4000_MCQ_HINDI(1).txt,3138,IBPS RRB Prelims,Profit & Loss,Profit & Loss,,Moderate,Hindi,क्रय मूल्य ₹199 है। 5% लाभ पर विक्रय मूल्य कितना होगा?,क्रय मूल्य ₹199 है। 5% लाभ पर विक्रय मूल्य कितना होगा?,,208,213,194,189,A,SP=CP×(100+5)/100=199×105/100=₹208।,pending_review,,fe122f0b01891dd1
IBPS_RRB_PRELIMS_BULK_4000_MCQ_HINDI(1).txt,3139,IBPS RRB Prelims,Profit & Loss,Profit & Loss,,Moderate,Hindi,क्रय मूल्य ₹1416 है। 40% लाभ पर विक्रय मूल्य कितना होगा?,क्रय मूल्य ₹1416 है। 40% लाभ पर विक्रय मूल्य कितना होगा?,,1982,2022,1376,849,A,SP=CP×(100+40)/100=1416×140/100=₹1982।,pending_review,,ad2225cd968d8760
IBPS_RRB_PRELIMS_BULK_4000_MCQ_HINDI(1).txt,3140,IBPS RRB Prelims,Profit & Loss,Profit & Loss,,Moderate,Hindi,क्रय मूल्य ₹938 है। 25% लाभ पर विक्रय मूल्य कितना होगा?,क्रय मूल्य ₹938 है। 25% लाभ पर विक्रय मूल्य कितना होगा?,,1172,1197,913,703,A,SP=CP×(100+25)/100=938×125/100=₹1172।,pending_review,,d93553ea7bdb4d68
IBPS_RRB_PRELIMS_BULK_4000_MCQ_HINDI(1).txt,3141,IBPS RRB Prelims,Profit & Loss,Profit & Loss,,Moderate,Hindi,क्रय मूल्य ₹749 है। 20% लाभ पर विक्रय मूल्य कितना होगा?,क्रय मूल्य ₹749 है। 20% लाभ पर विक्रय मूल्य कितना होगा?,,898,918,729,599,A,SP=CP×(100+20)/100=749×120/100=₹898।,pending_review,,b197b3b44f6367dd
IBPS_RRB_PRELIMS_BULK_4000_MCQ_HINDI(1).txt,3142,IBPS RRB Prelims,Profit & Loss,Profit & Loss,,Moderate,Hindi,क्रय मूल्य ₹552 है। 5% लाभ पर विक्रय मूल्य कितना होगा?,क्रय मूल्य ₹552 है। 5% लाभ पर विक्रय मूल्य कितना होगा?,,579,584,547,524,A,SP=CP×(100+5)/100=552×105/100=₹579।,pending_review,,c97dba85d2973025
IBPS_RRB_PRELIMS_BULK_4000_MCQ_HINDI(1).txt,3143,IBPS RRB Prelims,Profit & Loss,Profit & Loss,,Moderate,Hindi,क्रय मूल्य ₹143 है। 30% लाभ पर विक्रय मूल्य कितना होगा?,क्रय मूल्य ₹143 है। 30% लाभ पर विक्रय मूल्य कितना होगा?,,185,215,113,100,A,SP=CP×(100+30)/100=143×130/100=₹185।,pending_review,,7e8991ccab588c55
IBPS_RRB_PRELIMS_BULK_4000_MCQ_HINDI(1).txt,3144,IBPS RRB Prelims,Profit & Loss,Profit & Loss,,Moderate,Hindi,क्रय मूल्य ₹1229 है। 20% लाभ पर विक्रय मूल्य कितना होगा?,क्रय मूल्य ₹1229 है। 20% लाभ पर विक्रय मूल्य कितना होगा?,,1474,1494,1209,983,A,SP=CP×(100+20)/100=1229×120/100=₹1474।,pending_review,,08e491627dcacfdf
IBPS_RRB_PRELIMS_BULK_4000_MCQ_HINDI(1).txt,3145,IBPS RRB Prelims,Profit & Loss,Profit & Loss,,Moderate,Hindi,क्रय मूल्य ₹525 है। 5% लाभ पर विक्रय मूल्य कितना होगा?,क्रय मूल्य ₹525 है। 5% लाभ पर विक्रय मूल्य कितना होगा?,,551,556,520,498,A,SP=CP×(100+5)/100=525×105/100=₹551।,pending_review,,618f8be5aac7b524
IBPS_RRB_PRELIMS_BULK_4000_MCQ_HINDI(1).txt,3146,IBPS RRB Prelims,Profit & Loss,Profit & Loss,,Moderate,Hindi,क्रय मूल्य ₹985 है। 10% लाभ पर विक्रय मूल्य कितना होगा?,क्रय मूल्य ₹985 है। 10% लाभ पर विक्रय मूल्य कितना होगा?,,1083,1093,975,886,A,SP=CP×(100+10)/100=985×110/100=₹1083।,pending_review,,d3cbf0e7856d49b6
IBPS_RRB_PRELIMS_BULK_4000_MCQ_HINDI(1).txt,3147,IBPS RRB Prelims,Profit & Loss,Profit & Loss,,Moderate,Hindi,क्रय मूल्य ₹869 है। 15% लाभ पर विक्रय मूल्य कितना होगा?,क्रय मूल्य ₹869 है। 15% लाभ पर विक्रय मूल्य कितना होगा?,,999,1014,854,738,A,SP=CP×(100+15)/100=869×115/100=₹999।,pending_review,,13a2f977470ac41e
IBPS_RRB_PRELIMS_BULK_4000_MCQ_HINDI(1).txt,3148,IBPS RRB Prelims,Profit & Loss,Profit & Loss,,Moderate,Hindi,क्रय मूल्य ₹559 है। 30% लाभ पर विक्रय मूल्य कितना होगा?,क्रय मूल्य ₹559 है। 30% लाभ पर विक्रय मूल्य कितना होगा?,,726,756,529,391,A,SP=CP×(100+30)/100=559×130/100=₹726।,pending_review,,58eef464812a9b6b
IBPS_RRB_PRELIMS_BULK_4000_MCQ_HINDI(1).txt,3149,IBPS RRB Prelims,Profit & Loss,Profit & Loss,,Moderate,Hindi,क्रय मूल्य ₹986 है। 5% लाभ पर विक्रय मूल्य कितना होगा?,क्रय मूल्य ₹986 है। 5% लाभ पर विक्रय मूल्य कितना होगा?,,1035,1040,981,936,A,SP=CP×(100+5)/100=986×105/100=₹1035।,pending_review,,cf2c66e8a1a457c6
IBPS_RRB_PRELIMS_BULK_4000_MCQ_HINDI(1).txt,3150,IBPS RRB Prelims,Profit & Loss,Profit & Loss,,Moderate,Hindi,क्रय मूल्य ₹1018 है। 20% लाभ पर विक्रय मूल्य कितना होगा?,क्रय मूल्य ₹1018 है। 20% लाभ पर विक्रय मूल्य कितना होगा?,,1221,1241,998,814,A,SP=CP×(100+20)/100=1018×120/100=₹1221।,pending_review,,e85543aca73105d4
IBPS_RRB_PRELIMS_BULK_4000_MCQ_HINDI(1).txt,3151,IBPS RRB Prelims,Profit & Loss,Profit & Loss,,Moderate,Hindi,क्रय मूल्य ₹738 है। 15% लाभ पर विक्रय मूल्य कितना होगा?,क्रय मूल्य ₹738 है। 15% लाभ पर विक्रय मूल्य कितना होगा?,,848,863,723,627,A,SP=CP×(100+15)/100=738×115/100=₹848।,pending_review,,55bee8a653f5e1fc
IBPS_RRB_PRELIMS_BULK_4000_MCQ_HINDI(1).txt,3152,IBPS RRB Prelims,Profit & Loss,Profit & Loss,,Moderate,Hindi,क्रय मूल्य ₹978 है। 30% लाभ पर विक्रय मूल्य कितना होगा?,क्रय मूल्य ₹978 है। 30% लाभ पर विक्रय मूल्य कितना होगा?,,1271,1301,948,684,A,SP=CP×(100+30)/100=978×130/100=₹1271।,pending_review,,5277139978cf26b7
IBPS_RRB_PRELIMS_BULK_4000_MCQ_HINDI(1).txt,3153,IBPS RRB Prelims,Profit & Loss,Profit & Loss,,Moderate,Hindi,क्रय मूल्य ₹1088 है। 25% लाभ पर विक्रय मूल्य कितना होगा?,क्रय मूल्य ₹1088 है। 25% लाभ पर विक्रय मूल्य कितना होगा?,,1360,1385,1063,816,A,SP=CP×(100+25)/100=1088×125/100=₹1360।,pending_review,,cd676de99b2ff7bb
IBPS_RRB_PRELIMS_BULK_4000_MCQ_HINDI(1).txt,3154,IBPS RRB Prelims,Profit & Loss,Profit & Loss,,Moderate,Hindi,क्रय मूल्य ₹1290 है। 5% लाभ पर विक्रय मूल्य कितना होगा?,क्रय मूल्य ₹1290 है। 5% लाभ पर विक्रय मूल्य कितना होगा?,,1354,1359,1285,1225,A,SP=CP×(100+5)/100=1290×105/100=₹1354।,pending_review,,93750e6d39fccce5
IBPS_RRB_PRELIMS_BULK_4000_MCQ_HINDI(1).txt,3155,IBPS RRB Prelims,Profit & Loss,Profit & Loss,,Moderate,Hindi,क्रय मूल्य ₹1124 है। 15% लाभ पर विक्रय मूल्य कितना होगा?,क्रय मूल्य ₹1124 है। 15% लाभ पर विक्रय मूल्य कितना होगा?,,1292,1307,1109,955,A,SP=CP×(100+15)/100=1124×115/100=₹1292।,pending_review,,1d9104a3f17bcb6e
IBPS_RRB_PRELIMS_BULK_4000_MCQ_HINDI(1).txt,3156,IBPS RRB Prelims,Profit & Loss,Profit & Loss,,Moderate,Hindi,क्रय मूल्य ₹575 है। 25% लाभ पर विक्रय मूल्य कितना होगा?,क्रय मूल्य ₹575 है। 25% लाभ पर विक्रय मूल्य कितना होगा?,,718,743,550,431,A,SP=CP×(100+25)/100=575×125/100=₹718।,pending_review,,a85c8deb188058c7
IBPS_RRB_PRELIMS_BULK_4000_MCQ_HINDI(1).txt,3157,IBPS RRB Prelims,Profit & Loss,Profit & Loss,,Moderate,Hindi,क्रय मूल्य ₹553 है। 5% लाभ पर विक्रय मूल्य कितना होगा?,क्रय मूल्य ₹553 है। 5% लाभ पर विक्रय मूल्य कितना होगा?,,580,585,548,525,A,SP=CP×(100+5)/100=553×105/100=₹580।,pending_review,,98a6477797779edf
IBPS_RRB_PRELIMS_BULK_4000_MCQ_HINDI(1).txt,3158,IBPS RRB Prelims,Profit & Loss,Profit & Loss,,Moderate,Hindi,क्रय मूल्य ₹231 है। 10% लाभ पर विक्रय मूल्य कितना होगा?,क्रय मूल्य ₹231 है। 10% लाभ पर विक्रय मूल्य कितना होगा?,,254,264,221,207,A,SP=CP×(100+10)/100=231×110/100=₹254।,pending_review,,199b6a6b90802090
IBPS_RRB_PRELIMS_BULK_4000_MCQ_HINDI(1).txt,3159,IBPS RRB Prelims,Profit & Loss,Profit & Loss,,Moderate,Hindi,क्रय मूल्य ₹1437 है। 20% लाभ पर विक्रय मूल्य कितना होगा?,क्रय मूल्य ₹1437 है। 20% लाभ पर विक्रय मूल्य कितना होगा?,,1724,1744,1417,1149,A,SP=CP×(100+20)/100=1437×120/100=₹1724।,pending_review,,dd1767cda406599c
IBPS_RRB_PRELIMS_BULK_4000_MCQ_HINDI(1).txt,3160,IBPS RRB Prelims,Profit & Loss,Profit & Loss,,Moderate,Hindi,क्रय मूल्य ₹650 है। 30% लाभ पर विक्रय मूल्य कितना होगा?,क्रय मूल्य ₹650 है। 30% लाभ पर विक्रय मूल्य कितना होगा?,,845,875,620,455,A,SP=CP×(100+30)/100=650×130/100=₹845।,pending_review,,c7121de2379baa3d
IBPS_RRB_PRELIMS_BULK_4000_MCQ_HINDI(1).txt,3161,IBPS RRB Prelims,Profit & Loss,Profit & Loss,,Moderate,Hindi,क्रय मूल्य ₹1091 है। 10% लाभ पर विक्रय मूल्य कितना होगा?,क्रय मूल्य ₹1091 है। 10% लाभ पर विक्रय मूल्य कितना होगा?,,1200,1210,1081,981,A,SP=CP×(100+10)/100=1091×110/100=₹1200।,pending_review,,cd3415002ee975fa
IBPS_RRB_PRELIMS_BULK_4000_MCQ_HINDI(1).txt,3162,IBPS RRB Prelims,Profit & Loss,Profit & Loss,,Moderate,Hindi,क्रय मूल्य ₹1221 है। 5% लाभ पर विक्रय मूल्य कितना होगा?,क्रय मूल्य ₹1221 है। 5% लाभ पर विक्रय मूल्य कितना होगा?,,1282,1287,1216,1159,A,SP=CP×(100+5)/100=1221×105/100=₹1282।,pending_review,,4560c000d816a1d9
IBPS_RRB_PRELIMS_BULK_4000_MCQ_HINDI(1).txt,3163,IBPS RRB Prelims,Profit & Loss,Profit & Loss,,Moderate,Hindi,क्रय मूल्य ₹1406 है। 10% लाभ पर विक्रय मूल्य कितना होगा?,क्रय मूल्य ₹1406 है। 10% लाभ पर विक्रय मूल्य कितना होगा?,,1546,1556,1396,1265,A,SP=CP×(100+10)/100=1406×110/100=₹1546।,pending_review,,c1b4e7fb6fa4bb59
IBPS_RRB_PRELIMS_BULK_4000_MCQ_HINDI(1).txt,3164,IBPS RRB Prelims,Profit & Loss,Profit & Loss,,Moderate,Hindi,क्रय मूल्य ₹581 है। 5% लाभ पर विक्रय मूल्य कितना होगा?,क्रय मूल्य ₹581 है। 5% लाभ पर विक्रय मूल्य कितना होगा?,,610,615,576,551,A,SP=CP×(100+5)/100=581×105/100=₹610।,pending_review,,efe662c1739cb50d
IBPS_RRB_PRELIMS_BULK_4000_MCQ_HINDI(1).txt,3165,IBPS RRB Prelims,Profit & Loss,Profit & Loss,,Moderate,Hindi,क्रय मूल्य ₹628 है। 10% लाभ पर विक्रय मूल्य कितना होगा?,क्रय मूल्य ₹628 है। 10% लाभ पर विक्रय मूल्य कितना होगा?,,690,700,618,565,A,SP=CP×(100+10)/100=628×110/100=₹690।,pending_review,,d1a22661e167b2fb
IBPS_RRB_PRELIMS_BULK_4000_MCQ_HINDI(1).txt,3166,IBPS RRB Prelims,Profit & Loss,Profit & Loss,,Moderate,Hindi,क्रय मूल्य ₹1335 है। 5% लाभ पर विक्रय मूल्य कितना होगा?,क्रय मूल्य ₹1335 है। 5% लाभ पर विक्रय मूल्य कितना होगा?,,1401,1406,1330,1268,A,SP=CP×(100+5)/100=1335×105/100=₹1401।,pending_review,,6a6a68f34c85c43e
IBPS_RRB_PRELIMS_BULK_4000_MCQ_HINDI(1).txt,3167,IBPS RRB Prelims,Profit & Loss,Profit & Loss,,Moderate,Hindi,क्रय मूल्य ₹288 है। 40% लाभ पर विक्रय मूल्य कितना होगा?,क्रय मूल्य ₹288 है। 40% लाभ पर विक्रय मूल्य कितना होगा?,,403,443,248,172,A,SP=CP×(100+40)/100=288×140/100=₹403।,pending_review,,db79d134d71fa272
IBPS_RRB_PRELIMS_BULK_4000_MCQ_HINDI(1).txt,3168,IBPS RRB Prelims,Profit & Loss,Profit & Loss,,Moderate,Hindi,क्रय मूल्य ₹274 है। 10% लाभ पर विक्रय मूल्य कितना होगा?,क्रय मूल्य ₹274 है। 10% लाभ पर विक्रय मूल्य कितना होगा?,,301,311,264,246,A,SP=CP×(100+10)/100=274×110/100=₹301।,pending_review,,476c00185bb34d98
IBPS_RRB_PRELIMS_BULK_4000_MCQ_HINDI(1).txt,3169,IBPS RRB Prelims,Profit & Loss,Profit & Loss,,Moderate,Hindi,क्रय मूल्य ₹103 है। 10% लाभ पर विक्रय मूल्य कितना होगा?,क्रय मूल्य ₹103 है। 10% लाभ पर विक्रय मूल्य कितना होगा?,,113,123,93,92,A,SP=CP×(100+10)/100=103×110/100=₹113।,pending_review,,556985a2664771d2
IBPS_RRB_PRELIMS_BULK_4000_MCQ_HINDI(1).txt,3170,IBPS RRB Prelims,Profit & Loss,Profit & Loss,,Moderate,Hindi,क्रय मूल्य ₹1361 है। 15% लाभ पर विक्रय मूल्य कितना होगा?,क्रय मूल्य ₹1361 है। 15% लाभ पर विक्रय मूल्य कितना होगा?,,1565,1580,1346,1156,A,SP=CP×(100+15)/100=1361×115/100=₹1565।,pending_review,,433424be320c9e05
IBPS_RRB_PRELIMS_BULK_4000_MCQ_HINDI(1).txt,3171,IBPS RRB Prelims,Profit & Loss,Profit & Loss,,Moderate,Hindi,क्रय मूल्य ₹293 है। 15% लाभ पर विक्रय मूल्य कितना होगा?,क्रय मूल्य ₹293 है। 15% लाभ पर विक्रय मूल्य कितना होगा?,,336,351,278,249,A,SP=CP×(100+15)/100=293×115/100=₹336।,pending_review,,c5c78943d52d860f
IBPS_RRB_PRELIMS_BULK_4000_MCQ_HINDI(1).txt,3172,IBPS RRB Prelims,Profit & Loss,Profit & Loss,,Moderate,Hindi,क्रय मूल्य ₹754 है। 15% लाभ पर विक्रय मूल्य कितना होगा?,क्रय मूल्य ₹754 है। 15% लाभ पर विक्रय मूल्य कितना होगा?,,867,882,739,640,A,SP=CP×(100+15)/100=754×115/100=₹867।,pending_review,,06450691326e0ae2
IBPS_RRB_PRELIMS_BULK_4000_MCQ_HINDI(1).txt,3173,IBPS RRB Prelims,Profit & Loss,Profit & Loss,,Moderate,Hindi,क्रय मूल्य ₹1161 है। 5% लाभ पर विक्रय मूल्य कितना होगा?,क्रय मूल्य ₹1161 है। 5% लाभ पर विक्रय मूल्य कितना होगा?,,1219,1224,1156,1102,A,SP=CP×(100+5)/100=1161×105/100=₹1219।,pending_review,,40f1123978b234f6
IBPS_RRB_PRELIMS_BULK_4000_MCQ_HINDI(1).txt,3174,IBPS RRB Prelims,Profit & Loss,Profit & Loss,,Moderate,Hindi,क्रय मूल्य ₹1049 है। 30% लाभ पर विक्रय मूल्य कितना होगा?,क्रय मूल्य ₹1049 है। 30% लाभ पर विक्रय मूल्य कितना होगा?,,1363,1393,1019,734,A,SP=CP×(100+30)/100=1049×130/100=₹1363।,pending_review,,a4e7cc30a4926ed1
IBPS_RRB_PRELIMS_BULK_4000_MCQ_HINDI(1).txt,3175,IBPS RRB Prelims,Profit & Loss,Profit & Loss,,Moderate,Hindi,क्रय मूल्य ₹665 है। 10% लाभ पर विक्रय मूल्य कितना होगा?,क्रय मूल्य ₹665 है। 10% लाभ पर विक्रय मूल्य कितना होगा?,,731,741,655,598,A,SP=CP×(100+10)/100=665×110/100=₹731।,pending_review,,4c92f6930ce5851a
IBPS_RRB_PRELIMS_BULK_4000_MCQ_HINDI(1).txt,3176,IBPS RRB Prelims,Profit & Loss,Profit & Loss,,Moderate,Hindi,क्रय मूल्य ₹1292 है। 20% लाभ पर विक्रय मूल्य कितना होगा?,क्रय मूल्य ₹1292 है। 20% लाभ पर विक्रय मूल्य कितना होगा?,,1550,1570,1272,1033,A,SP=CP×(100+20)/100=1292×120/100=₹1550।,pending_review,,579abca424b60873
IBPS_RRB_PRELIMS_BULK_4000_MCQ_HINDI(1).txt,3177,IBPS RRB Prelims,Profit & Loss,Profit & Loss,,Moderate,Hindi,क्रय मूल्य ₹1201 है। 25% लाभ पर विक्रय मूल्य कितना होगा?,क्रय मूल्य ₹1201 है। 25% लाभ पर विक्रय मूल्य कितना होगा?,,1501,1526,1176,900,A,SP=CP×(100+25)/100=1201×125/100=₹1501।,pending_review,,b00878fe1440c2c1
IBPS_RRB_PRELIMS_BULK_4000_MCQ_HINDI(1).txt,3178,IBPS RRB Prelims,Profit & Loss,Profit & Loss,,Moderate,Hindi,क्रय मूल्य ₹1352 है। 25% लाभ पर विक्रय मूल्य कितना होगा?,क्रय मूल्य ₹1352 है। 25% लाभ पर विक्रय मूल्य कितना होगा?,,1690,1715,1327,1014,A,SP=CP×(100+25)/100=1352×125/100=₹1690।,pending_review,,d9d79a45f787f3e8
IBPS_RRB_PRELIMS_BULK_4000_MCQ_HINDI(1).txt,3179,IBPS RRB Prelims,Profit & Loss,Profit & Loss,,Moderate,Hindi,क्रय मूल्य ₹1477 है। 5% लाभ पर विक्रय मूल्य कितना होगा?,क्रय मूल्य ₹1477 है। 5% लाभ पर विक्रय मूल्य कितना होगा?,,1550,1555,1472,1403,A,SP=CP×(100+5)/100=1477×105/100=₹1550।,pending_review,,b6bc9c2d5a5e6c4b
IBPS_RRB_PRELIMS_BULK_4000_MCQ_HINDI(1).txt,3180,IBPS RRB Prelims,Profit & Loss,Profit & Loss,,Moderate,Hindi,क्रय मूल्य ₹206 है। 40% लाभ पर विक्रय मूल्य कितना होगा?,क्रय मूल्य ₹206 है। 40% लाभ पर विक्रय मूल्य कितना होगा?,,288,328,166,123,A,SP=CP×(100+40)/100=206×140/100=₹288।,pending_review,,d9cb80911faaadc2
IBPS_RRB_PRELIMS_BULK_4000_MCQ_HINDI(1).txt,3181,IBPS RRB Prelims,Profit & Loss,Profit & Loss,,Moderate,Hindi,क्रय मूल्य ₹1371 है। 10% लाभ पर विक्रय मूल्य कितना होगा?,क्रय मूल्य ₹1371 है। 10% लाभ पर विक्रय मूल्य कितना होगा?,,1508,1518,1361,1233,A,SP=CP×(100+10)/100=1371×110/100=₹1508।,pending_review,,01cb91becf7375de
IBPS_RRB_PRELIMS_BULK_4000_MCQ_HINDI(1).txt,3182,IBPS RRB Prelims,Profit & Loss,Profit & Loss,,Moderate,Hindi,क्रय मूल्य ₹782 है। 30% लाभ पर विक्रय मूल्य कितना होगा?,क्रय मूल्य ₹782 है। 30% लाभ पर विक्रय मूल्य कितना होगा?,,1016,1046,752,547,A,SP=CP×(100+30)/100=782×130/100=₹1016।,pending_review,,2623205fa7bac632
IBPS_RRB_PRELIMS_BULK_4000_MCQ_HINDI(1).txt,3183,IBPS RRB Prelims,Profit & Loss,Profit & Loss,,Moderate,Hindi,क्रय मूल्य ₹1448 है। 30% लाभ पर विक्रय मूल्य कितना होगा?,क्रय मूल्य ₹1448 है। 30% लाभ पर विक्रय मूल्य कितना होगा?,,1882,1912,1418,1013,A,SP=CP×(100+30)/100=1448×130/100=₹1882।,pending_review,,fa95a770d3295059
IBPS_RRB_PRELIMS_BULK_4000_MCQ_HINDI(1).txt,3184,IBPS RRB Prelims,Profit & Loss,Profit & Loss,,Moderate,Hindi,क्रय मूल्य ₹449 है। 25% लाभ पर विक्रय मूल्य कितना होगा?,क्रय मूल्य ₹449 है। 25% लाभ पर विक्रय मूल्य कितना होगा?,,561,586,424,336,A,SP=CP×(100+25)/100=449×125/100=₹561।,pending_review,,b655cfa002fc0aa6
IBPS_RRB_PRELIMS_BULK_4000_MCQ_HINDI(1).txt,3185,IBPS RRB Prelims,Profit & Loss,Profit & Loss,,Moderate,Hindi,क्रय मूल्य ₹173 है। 5% लाभ पर विक्रय मूल्य कितना होगा?,क्रय मूल्य ₹173 है। 5% लाभ पर विक्रय मूल्य कितना होगा?,,181,186,168,164,A,SP=CP×(100+5)/100=173×105/100=₹181।,pending_review,,15ef64ebbcb09f85
IBPS_RRB_PRELIMS_BULK_4000_MCQ_HINDI(1).txt,3186,IBPS RRB Prelims,Profit & Loss,Profit & Loss,,Moderate,Hindi,क्रय मूल्य ₹464 है। 20% लाभ पर विक्रय मूल्य कितना होगा?,क्रय मूल्य ₹464 है। 20% लाभ पर विक्रय मूल्य कितना होगा?,,556,576,444,371,A,SP=CP×(100+20)/100=464×120/100=₹556।,pending_review,,8df19fa1b8213582
IBPS_RRB_PRELIMS_BULK_4000_MCQ_HINDI(1).txt,3187,IBPS RRB Prelims,Profit & Loss,Profit & Loss,,Moderate,Hindi,क्रय मूल्य ₹553 है। 40% लाभ पर विक्रय मूल्य कितना होगा?,क्रय मूल्य ₹553 है। 40% लाभ पर विक्रय मूल्य कितना होगा?,,774,814,513,331,A,SP=CP×(100+40)/100=553×140/100=₹774।,pending_review,,83f9f277fd08ab8f
IBPS_RRB_PRELIMS_BULK_4000_MCQ_HINDI(1).txt,3188,IBPS RRB Prelims,Profit & Loss,Profit & Loss,,Moderate,Hindi,क्रय मूल्य ₹248 है। 10% लाभ पर विक्रय मूल्य कितना होगा?,क्रय मूल्य ₹248 है। 10% लाभ पर विक्रय मूल्य कितना होगा?,,272,282,238,223,A,SP=CP×(100+10)/100=248×110/100=₹272।,pending_review,,a4551ff3936ef47c
IBPS_RRB_PRELIMS_BULK_4000_MCQ_HINDI(1).txt,3189,IBPS RRB Prelims,Profit & Loss,Profit & Loss,,Moderate,Hindi,क्रय मूल्य ₹594 है। 10% लाभ पर विक्रय मूल्य कितना होगा?,क्रय मूल्य ₹594 है। 10% लाभ पर विक्रय मूल्य कितना होगा?,,653,663,584,534,A,SP=CP×(100+10)/100=594×110/100=₹653।,pending_review,,f7616a2cae8fa2c1
IBPS_RRB_PRELIMS_BULK_4000_MCQ_HINDI(1).txt,3190,IBPS RRB Prelims,Profit & Loss,Profit & Loss,,Moderate,Hindi,क्रय मूल्य ₹1325 है। 25% लाभ पर विक्रय मूल्य कितना होगा?,क्रय मूल्य ₹1325 है। 25% लाभ पर विक्रय मूल्य कितना होगा?,,1656,1681,1300,993,A,SP=CP×(100+25)/100=1325×125/100=₹1656।,pending_review,,c1d0720b8479acb9
IBPS_RRB_PRELIMS_BULK_4000_MCQ_HINDI(1).txt,3191,IBPS RRB Prelims,Profit & Loss,Profit & Loss,,Moderate,Hindi,क्रय मूल्य ₹1294 है। 25% लाभ पर विक्रय मूल्य कितना होगा?,क्रय मूल्य ₹1294 है। 25% लाभ पर विक्रय मूल्य कितना होगा?,,1617,1642,1269,970,A,SP=CP×(100+25)/100=1294×125/100=₹1617।,pending_review,,5967568b250ec019
IBPS_RRB_PRELIMS_BULK_4000_MCQ_HINDI(1).txt,3192,IBPS RRB Prelims,Profit & Loss,Profit & Loss,,Moderate,Hindi,क्रय मूल्य ₹414 है। 10% लाभ पर विक्रय मूल्य कितना होगा?,क्रय मूल्य ₹414 है। 10% लाभ पर विक्रय मूल्य कितना होगा?,,455,465,404,372,A,SP=CP×(100+10)/100=414×110/100=₹455।,pending_review,,cd2ed3cca87d1c33
IBPS_RRB_PRELIMS_BULK_4000_MCQ_HINDI(1).txt,3193,IBPS RRB Prelims,Profit & Loss,Profit & Loss,,Moderate,Hindi,क्रय मूल्य ₹901 है। 40% लाभ पर विक्रय मूल्य कितना होगा?,क्रय मूल्य ₹901 है। 40% लाभ पर विक्रय मूल्य कितना होगा?,,1261,1301,861,540,A,SP=CP×(100+40)/100=901×140/100=₹1261।,pending_review,,164f2911821619eb
IBPS_RRB_PRELIMS_BULK_4000_MCQ_HINDI(1).txt,3194,IBPS RRB Prelims,Profit & Loss,Profit & Loss,,Moderate,Hindi,क्रय मूल्य ₹363 है। 10% लाभ पर विक्रय मूल्य कितना होगा?,क्रय मूल्य ₹363 है। 10% लाभ पर विक्रय मूल्य कितना होगा?,,399,409,353,326,A,SP=CP×(100+10)/100=363×110/100=₹399।,pending_review,,e66098a3a2d8d950
IBPS_RRB_PRELIMS_BULK_4000_MCQ_HINDI(1).txt,3195,IBPS RRB Prelims,Profit & Loss,Profit & Loss,,Moderate,Hindi,क्रय मूल्य ₹107 है। 30% लाभ पर विक्रय मूल्य कितना होगा?,क्रय मूल्य ₹107 है। 30% लाभ पर विक्रय मूल्य कितना होगा?,,139,169,77,74,A,SP=CP×(100+30)/100=107×130/100=₹139।,pending_review,,30d7b59761370a00
IBPS_RRB_PRELIMS_BULK_4000_MCQ_HINDI(1).txt,3196,IBPS RRB Prelims,Profit & Loss,Profit & Loss,,Moderate,Hindi,क्रय मूल्य ₹611 है। 30% लाभ पर विक्रय मूल्य कितना होगा?,क्रय मूल्य ₹611 है। 30% लाभ पर विक्रय मूल्य कितना होगा?,,794,824,581,427,A,SP=CP×(100+30)/100=611×130/100=₹794।,pending_review,,808235bec5a02716
IBPS_RRB_PRELIMS_BULK_4000_MCQ_HINDI(1).txt,3197,IBPS RRB Prelims,Profit & Loss,Profit & Loss,,Moderate,Hindi,क्रय मूल्य ₹110 है। 5% लाभ पर विक्रय मूल्य कितना होगा?,क्रय मूल्य ₹110 है। 5% लाभ पर विक्रय मूल्य कितना होगा?,,115,120,105,104,A,SP=CP×(100+5)/100=110×105/100=₹115।,pending_review,,a0f6dea1d4f77a4f
IBPS_RRB_PRELIMS_BULK_4000_MCQ_HINDI(1).txt,3198,IBPS RRB Prelims,Profit & Loss,Profit & Loss,,Moderate,Hindi,क्रय मूल्य ₹678 है। 20% लाभ पर विक्रय मूल्य कितना होगा?,क्रय मूल्य ₹678 है। 20% लाभ पर विक्रय मूल्य कितना होगा?,,813,833,658,542,A,SP=CP×(100+20)/100=678×120/100=₹813।,pending_review,,8ea9c89436934632
IBPS_RRB_PRELIMS_BULK_4000_MCQ_HINDI(1).txt,3199,IBPS RRB Prelims,Profit & Loss,Profit & Loss,,Moderate,Hindi,क्रय मूल्य ₹1191 है। 30% लाभ पर विक्रय मूल्य कितना होगा?,क्रय मूल्य ₹1191 है। 30% लाभ पर विक्रय मूल्य कितना होगा?,,1548,1578,1161,833,A,SP=CP×(100+30)/100=1191×130/100=₹1548।,pending_review,,7a409de82c592fc6
IBPS_RRB_PRELIMS_BULK_4000_MCQ_HINDI(1).txt,3200,IBPS RRB Prelims,Profit & Loss,Profit & Loss,,Moderate,Hindi,क्रय मूल्य ₹379 है। 5% लाभ पर विक्रय मूल्य कितना होगा?,क्रय मूल्य ₹379 है। 5% लाभ पर विक्रय मूल्य कितना होगा?,,397,402,374,360,A,SP=CP×(100+5)/100=379×105/100=₹397।,pending_review,,805fa1caebff9c47
